Kode Item;Nama Item;Jenis;Jumlah;Satuan;Total Harga;
9311931024036;INDOCAFE COFEEMIX 20G;MNM;300;PCS;444.000;
8991002105485;KAPAL API SPECIALMIX;MNM;270;PCS;459.000;
8991002102033;ABC SUSU;MNM;120;PCS;194.880;
8991002133624;GOODDAY MOCACINO;MNM;120;PCS;169.080;
8996001600849;NIPIS MADU 330 ML;MNM;120;PCS;380.040;
8993539146009;MINRAL 600ML;MNM;120;PCS;147.480;
8996001600146;TEH PUCUK HARUM 350ML;MNM;120;PCS;292.560;
8997001990039;SIERRA MINERAL 600 ML;MNM;120;PCS;174.960;
8997240930070;DELQUA MINERAL 600 ML;MNM;120;PCS;125.040;
8991002103764;GOODDAY CAPPUCCINO 25G;MNM;120;PCS;231.120;
0298;SNACK BAPER;MKN;120;PCS;240.000;
8991002135383;KAPAL API MANTAP 24G;MNM;120;PCS;166.080;
8996129803504;CLEO 600ML;MNM;120;PCS;240.000;
8993539106003;RON 88 600ML;MNM;120;PCS;210.240;
08999;KOPI SUSU GULA AREN REKANSETIA;MNM;100;PCS;1.300.000;
661706061261;NAMI NORI ORI 5 GR;MKN;100;PCS;165.000;
8991102026352;CRYSTALIN 600 ML;MNM;96;PCS;180.864;
896867700326;CLUB 600ML;MNM;96;PCS;145.248;
8996001600375;LE MINERALE 330ML;MNM;96;PCS;144.000;
8998009040023;TEH KOTAK 200ML+100ML;MNM;96;PCS;292.800;
8998866202732;MILKU STRAWBERRY 200ML;MNM;84;PCS;233.352;
8998866202893;GOLDA COFFEE CAPPUCINO 200ML;MNM;84;PCS;239.220;
8998866202725;MILKU COKELAT 200ML;MNM;84;PCS;233.352;
025;AQUA GALON REFFIL;MNM;82;PCS;1.414.500;
8991906101644;DJARUM COKLAT;ROKOK;80;PCS;1.234.000;
089686010015;INDOMIE AYAM BAWANG;MNM;80;PCS;217.840;
8992388101085;NU GREEN TEA 330ML;MNM;72;PCS;217.800;
7622202217630;RITZ CHEESE 91 GR;MKN;72;PCS;574.416;
8998866632287;AQUVIVA MINERAL 700 ML;MNM;72;PCS;120.168;
8992761139018;ADES 600ML;MNM;72;PCS;178.848;
8997001990077;SIERRA SIGNATURE 350 ML;MNM;72;PCS;108.000;
8992388133017;NU MILK TEA 330ML;MNM;72;PCS;406.440;
8996001600269;LE MINERALE 600ML;MNM;72;PCS;135.000;
8998866201841;GOLDA COFFE DOLCE LATTE 200ML;MNM;72;PCS;204.420;
0318;SARI TEMULAWAK;MNM;72;PCS;198.000;
02222001;SNACK MAKARONI DLL BR 5000;MKN;70;PCS;280.000;
8885013131710;AICE MIKI MIKI COK;ICE CREAM;60;PCS;93.480;
8998288016627;WONG COCO MY JELLY 70G;MKN;60;PCS;105.000;
8998898101119;STMJ;MNM;60;PCS;168.180;
00;SNACK AMANDA;MKN;60;PCS;240.000;
8998866203920;MILKU ORI 200 ML;MNM;60;PCS;166.680;
8992761166052;FRESTEA JASMINE 350ML;MNM;60;PCS;199.920;
8997240930087;DELQUA MINERAL 1500 ML;MNM;60;PCS;142.500;
8991115011109;BIG BABOL BLUEBERRY;MKN;60;PCS;120.000;
8995077609749;DUA KELINCI SUKRO 34 GR;MKN;60;PCS;95.700;
8998866500708;FLORIDINA ORANGE 350ML;MNM;60;PCS;148.200;
01112211222;SNACK SUCIFOODS 2500;MKN;60;PCS;102.000;
8991771200329;VITACIMIN C-500MG;MKN;60;PCS;180.000;
020101;ROTI AOKA;MKN;55;PCS;192.500;
0281;YAKULT;MNM;55;PCS;97.900;
8999909001909;MAGNUM;ROKOK;52;PCS;1.299.250;
0167;PIKDA MA ACAH;MKN;50;PCS;175.000;
8996001414002;TORABIKA CAPPUCINO;MNM;50;PCS;100.000;
661706061278;NAMI NORI SPICY 5 GR;MKN;50;PCS;82.500;
8885013132083;AICE CHOCO MALT STICK;ICE CREAM;50;PCS;80.000;
8996001600726;LE MINERAL GALON 15L;MNM;50;PCS;815.000;
0002220000;ES MOCI MHS 6000;ICE CREAM;50;PCS;250.000;
9311931201208;MAXTEA TARIK;MNM;50;PCS;109.100;
02;KOREK GAS TOKAI;HOME CARE;50;PCS;87.000;
8998685111130;BOOM PERMEN;MKN;50;PCS;68.100;
8991002105430;KAPAL API SPECIAL 65G;MNM;50;PCS;459.700;
8993539323165;MINRAL 380ML;MNM;48;PCS;51.168;
8992858527308;HYDRO COCO 250ML;MNM;48;PCS;286.992;
8998009010224;ULTRA FC 250ML;MNM;48;PCS;271.200;
8998866202923;FLORIDINA COCO 350ML;MNM;48;PCS;118.800;
8996006858160;FRUITTEA BLACKCURRANT 350ML;MNM;48;PCS;171.984;
8996006856869;TEH BOTOL 330ML;MNM;48;PCS;132.000;
8996006858016;TEH BOTOL 350ML;MNM;48;PCS;171.984;
8999999047207;WALL'S PADDLE POP RAINBOW POWER;ICE CREAM;48;PCS;135.696;
8999999587758;WALL'S PADDLE POP CHOCO MAGMA;ICE CREAM;48;PCS;77.520;
8992761166229;FRESTEA MARKISA 350ML;MNM;48;PCS;157.296;
8999510785540;PRISTINE 400ML;MNM;48;PCS;117.456;
8998288220017;WONG COCO PERISA COCOPANDAN 120G;MNM;48;PCS;175.824;
8992982206001;NESTLE PURE LIFE 600ML;MNM;48;PCS;87.216;
8996006142511;TEH BOTOL SOSRO 250ML;MNM;48;PCS;120.000;
8996001600221;KOPIKO 78 240ML;MNM;48;PCS;268.800;
8993539322922;PERFECT 500ML;MNM;48;PCS;229.440;
8998009010231;ULTRA COKLAT 250ML;MNM;48;PCS;271.200;
8998009010248;ULTRA STROBERI 250ML;MNM;48;PCS;271.200;
8992907000813;SARI ROTI SANDWICH ZUPER STRAW;MKN;43;PCS;193.500;
8999999598044;WALL'S COOKIES & CREAM 57ML;MKN;42;PCS;135.618;
0104;SNACK GREGET;MKN;42;PCS;315.000;
8998009010910;ULTRA MIMI COK 125ML;MNM;40;PCS;116.520;
0369;KRUPUK RDN BESAR;MKN;40;PCS;160.000;
089686010947;INDOMIE GORENG;MKN;40;PCS;114.160;
8992388145614;MIE ABC RASA SOTO AYAM;MKN;40;PCS;73.000;
8995177109996;GULAKU PUTIH 1/2KG;SMBK;40;PCS;364.000;
02211111;KERIPIK BAWANG KECIL BR;MKN;40;PCS;200.000;
875692692150;KRUPUK RDN KECIL;MKN;40;PCS;64.000;
0171;YOGHURT JELLY BOTOL 10000;MNM;40;PCS;340.000;
8885013130201;AICE MOCHI VANILA;ICE CREAM;40;PCS;92.520;
8993118731077;BIHUNKU SOTO 60GR;MKN;40;PCS;118.800;
8885013131437;AICE STRAWBERY CREAM;ICE CREAM;40;PCS;110.000;
8992907230012;SARI ROTI ISI COKLAT;MKN;37;PCS;133.200;
8992753723294;F.F UHT MATCHA 225ML;MNM;36;PCS;248.400;
089686060126;POP MIE BASO;MKN;36;PCS;153.612;
8993539121501;RON 88 1500ML;MNM;36;PCS;132.624;
8992907952327;SARI ROTI SANDWICH COKLAT;MKN;36;PCS;194.400;
8996006858085;FRUITEA APEL 350ML;MNM;36;PCS;128.988;
8998009050053;SARI KACANG IJO 250ML;MNM;36;PCS;137.556;
8997235180220;NOGU GREEN TEA 250ML;MNM;36;PCS;75.024;
8992696521629;DANCOW UHT COK 180ML;MNM;36;PCS;205.200;
8992222055208;GATSBY POMADE 5G;HOME CARE;36;PCS;34.344;
8999999601683;WALL'S TWISTER GRAPE 55 ML;ICE CREAM;36;PCS;116.208;
8993996241279;JAZY MAX 12;ROKOK;33;PCS;548.950;
8998989501125;G.G MERAH KRETEK 12;ROKOK;33;PCS;480.150;
8992907952037;SARI ROTI ISI COKLAT KEJU;MKN;33;PCS;118.800;
8999909028234;DJI SAM SOE 12;ROKOK;31;PCS;579.000;
8993007000062;INDOMILK UHT COKLAT 190ML;MNM;30;PCS;133.500;
8997225860002;FINNA SAMBAL RAWIT ULEG 18G;MKN;30;PCS;44.100;
0555511100;KRIPIK KRIWIL DECONE;MKN;30;PCS;150.000;
011121211;ROTI ADA KRIM BR;MKN;30;PCS;216.000;
8993007005975;INDOMILK UHT BANANA 190ML;MNM;30;PCS;133.500;
8997878005119;MILKITA PERMEN 1000;MKN;30;PCS;22.500;
8993110003769;SO GOOD SUSU STERIL 189ML;MNM;30;PCS;207.000;
8999999603205;WALL'S SEMANGKA STIK;ICE CREAM;30;PCS;48.420;
8998666001306;TORABIKA CREAMY LATTE;MNM;30;PCS;45.000;
1122211122;SNACK LANGGENG;MKN;30;PCS;540.000;
8998989100120;G.G FILTER 12;ROKOK;29;PCS;703.250;
8991906101019;DJARUM SUPER 12;ROKOK;27;PCS;615.900;
0453;BROWNIES BUMI RASA;MKN;25;PCS;125.000;
8998685012000;HEXOS LEMON MINT;MKN;25;PCS;35.725;
1107928104113;LAMOR PARFUME ROLL ON;KSMTK;25;PCS;250.000;
044798;MATERAI 10000;ATK;25;PCS;250.000;
8998685011003;HEXOS;MKN;25;PCS;35.725;
8993200669707;CIMORI STICK BLUEBERRY;MNM;25;PCS;42.475;
8993200669691;CIMORI STICK STRAW;MNM;25;PCS;42.475;
8992752112518;MIZONE CRANBERRY 500 ML;MNM;24;PCS;109.416;
089686060027;POP MIE AYAM;MKN;24;PCS;102.408;
8991002125025;KAPAL API SIGNATUR STRONG 200ML;MNM;24;PCS;117.816;
8992775001608;CHOCOLATOS SWEET CHEESE 16G;MKN;24;PCS;19.968;
8998866203531;ISO PLUS  COCO 350ML;MNM;24;PCS;54.168;
9555017209898;STARWAY SWISS ROLL STRAW 16 GR;MKN;24;PCS;35.208;
8992761002053;FANTA GRAPE 390ML;MNM;24;PCS;97.608;
8998866610377;ISOPLUS 350ML;MNM;24;PCS;55.296;
8997033003165;GO NOLA YAVA CHOCO VANILA 30G;MKN;24;PCS;146.592;
8999510785472;PRISTINE 1500ML;MNM;24;PCS;144.216;
8992752112013;MIZONE ACTIV 500 ML;MNM;24;PCS;109.416;
8992388145027;NU GREEN TEA YOGURT 450 ML;MKN;24;PCS;117.168;
8998866610087;TEH JAVANA ORIGINAL 350ML;MNM;24;PCS;50.952;
8995899250150;BON CABE ORI LEV 30;MKN;24;PCS;21.696;
8995899250143;BON CABE ORIGINAL LEVEL 15 7G;MKN;24;PCS;21.696;
8998009010255;ULTRA MOKA 250ML;MNM;24;PCS;135.600;
8999988888842;LARUTAN CAP BADAK GUAVA 320ML;MNM;24;PCS;139.272;
9555017209881;STARWAY SWISS ROLL COCONUT 16 GR;MKN;24;PCS;35.208;
9555017209874;STARWAY SWISS ROLL COK 16 GR;MKN;24;PCS;35.208;
9555017209904;STARWAY SWISS ROLL BLUEBERRY 16 GR;MKN;24;PCS;35.208;
8991002121096;GOODDAY GROOVY COOKIES 250ML;MNM;24;PCS;127.296;
6914973002357;SNICKERS COK 51 GR;MKN;24;PCS;157.512;
8991749000012;KOPI KENANGAN BLACKAREN 220ML;MNM;24;PCS;194.496;
8991001243195;DELFI BAR BAR CHOCO 18G;MKN;24;PCS;52.800;
8885013130706;AICE CHOCOLATE SUNDAE CUP;ICE CREAM;24;PCS;97.008;
8998288014111;WONG COCO MY PUDDING 168G;MKN;24;PAK;141.600;
8992761166212;FRESTEA APEL 350ML;MNM;24;PCS;74.496;
8992918401500;HONEY LEMON 330ML;MNM;24;PCS;141.600;
8997001990046;SIERRA MINERAL 1500 ML;MNM;24;PCS;70.992;
8991002122000;ABC EXO CHOCOMALT COFFEE 230ML;MNM;24;PCS;81.408;
8999988888866;LARUTAN CAP BADAK LECI 320ML;MNM;24;PCS;139.272;
8998009040290;TEH KOTAK RASA BLACKCURRANT 200+100ML;MNM;24;PCS;73.200;
8992775004494;CHOCOLATOS VANILLA CREAM 12G;MKN;24;PCS;19.968;
8998898280401;TOLAK ANGIN FLU;P3K;24;PCS;86.544;
8992388101023;NU GREEN TEA HONEY 500ML;MNM;24;PCS;117.168;
8992775311981;CHOCOLATOS DARK 16G;MKN;24;PCS;19.968;
8997009510123;ORANGE WATER 500ML;MNM;24;PCS;153.576;
8997240602854;OATSIDE NOBO CREAMY CLASSIC 200ML;MNM;24;PCS;60.120;
8997035563544;POCARI SWEAT 350ML;MNM;24;PCS;126.000;
6914973002326;SNICKERS COK 35 GR;MKN;24;PCS;119.712;
8992761166205;FRESTEA GREEN HONEY 350ML;MNM;24;PCS;74.496;
8995177101112;GULAKU PUTIH 1KG;SMBK;24;PCS;408.000;
8992775311479;CHOCOLATOS COK 16 G;MKN;24;PCS;19.968;
02111221111;KERIPIK BAWANG BESAR BR;MKN;22;PCS;264.000;
8992907997328;SARI ROTI DORAYAKI MARTABAK;MKN;21;PCS;113.400;
8992775100615;GERY WAFER ROLL COKELAT MEDE 15G;MKN;21;PCS;16.611;
8992907952549;SARI ROTI DORAYAKI COKLAT;MKN;21;PCS;113.400;
8998989300155;G.G SIGNATURE;ROKOK;21;PCS;486.150;
8993190912432;AMIDIS GALON 15 LITER;MNM;20;PCS;280.500;
8993093665480;ROSE BRAND PTH 1KG;SMBK;20;PCS;350.000;
089686910704;INDOMIE GORENG RASA RENDANG;HOME CARE;20;PCS;57.000;
8997204670332;5 DAYS CROISSANT COKLAT 60G;MKN;20;PCS;106.840;
8997204670462;5 DAYS CROISSANT CHEESE 60G;MKN;20;PCS;106.840;
8996001317020;BETTER 22GR;MKN;20;PCS;32.000;
8992994110143;YAKULT LIGHT;MNM;20;PCS;45.200;
089686043204;INDOMIE GORENG ACEH;MKN;20;PCS;57.140;
8888327831154;MIE GAGA 100 GRG EXTRA PDS;MKN;20;PCS;55.000;
8888327831253;MIE GAGA XTRA PEDAS GORENG JALAPENO;SMBK;20;PCS;56.020;
8888327831178;MIE GAGA PEDAS GORENG LADA HITAM;MKN;20;PCS;56.020;
0001;KICIMPRING AMANDA;MKN;20;PCS;180.000;
8994596;YOGHURT MAMAZY 250ML;MKN;20;PCS;160.000;
8888327831130;MIE GAGA EXTRA PEDAS KUAH JALAPENO;SMBK;20;PCS;53.300;
8993175532419;NABATI ROLLS CHEESE 8G;MKN;20;PCS;10.100;
8991906106205;DJARUM COKLAT ELITE;ROKOK;18;PCS;286.200;
8992907996758;SARI ROTI SANDWICH ZUPERR MOCHA;MKN;17;PCS;76.500;
8992907952143;SARI ROTI KRIM KEJU;MKN;17;PCS;76.500;
8997217370311;CAMEL PURPLE MILD 12;ROKOK;17;PCS;317.050;
8992907952334;SARI ROTI SANDWICH KRIM KEJU;MKN;17;PCS;91.800;
1107928109200;LAMOR PARFUME SPRAY 30ML;KSMTK;16;PCS;352.000;
8991102900607;KIRANTI DATANG BULAN ORANGE;MNM;16;PCS;91.024;
8997009510017;YOU C1000 LEMON 140ML;MNM;15;PCS;81.750;
8992907420017;SARI ROTI KRIM COKLAT;MKN;15;PCS;67.500;
8993018702795;KATOM IKAN DORANG 140G;MKN;15;PCS;119.985;
1223311;BERAS JANECOO 5 KG;SMBK;15;PCS;1.095.000;
8997009510055;YOU C1000 ORANGE 140ML;MNM;15;PCS;81.750;
8991001501097;CHACHA PEANUT 60G;MKN;15;PCS;123.810;
8990800022574;MENTOS RAINBOW;MKN;14;PCS;33.012;
8990800022543;MENTOS MINT 29G;MKN;14;PCS;33.012;
8999909096004;SAMPOERNA MILD 16;ROKOK;14;PCS;451.400;
8998127921709;DUNHIL MILD 16;ROKOK;14;PCS;379.400;
8990800022550;MENTOS ROLL FRUIT 29G;MKN;14;PCS;33.012;
8992003783399;ANTANGIN CAIR GINGER MINT;P3K;14;PCS;39.984;
8992907996413;SARI ROTI SOBEK DUO COK KEJ;MKN;14;PCS;140.000;
8990800022567;MENTOS ROLL ANGGUR;MKN;14;PCS;33.012;
8997014442020;ON BOLD 12;ROKOK;14;PCS;219.700;
8992907996741;SARI ROTI SANDWICH ZUPERR CHOCO;MKN;14;PCS;63.000;
8998127921754;DUNHIL FILTER 12;ROKOK;13;PCS;263.900;
8992907780012;SARI ROTI KASUR KEJU;MKN;13;PCS;159.250;
8992907996390;SARI ROTI SOBEK DUO COK;MKN;13;PCS;122.850;
8992907720018;SARI ROTI SOBEK COKLAT KEJU;MKN;13;PCS;210.600;
8992907996321;SARI ROTI KASUR KLASIK;MKN;13;PCS;136.500;
8992911040119;KONICARE COTTON BUDS 50 STICKS;BABY;12;PCS;37.200;
8992775204009;GARUDA KACANG ATOM 130G;MKN;12;PCS;91.200;
8992761166038;PULPY ORANGE 300ML;MNM;12;PCS;50.100;
8991001113023;SILVERQUEEN CHUNKY ALMOND 26G;MKN;12;PCS;97.704;
8997240600997;OATSIDE COFEE MOCCA BR 200 ML;MNM;12;PCS;94.152;
8999999593377;WALL'S CORNETTO STRAWBERRY VANILA;ICE CREAM;12;PCS;48.444;
8994455320009;RUMUT RASA AYAM BAWANG;MKN;12;PCS;39.804;
8992911040133;KONICARE COTTON BUDS 100 STICKS;BABY;12;PCS;64.200;
8991998119985;CAFFINO OAT MARIE LATTE 200ML;MNM;12;PCS;72.156;
8997221811350;INKO RUMPANG 1,5 GR;MKN;12;PCS;22.020;
8997240600935;OATSIDE CHOCO MALT 200ML;MNM;12;PCS;45.444;
0101213;JAS HUJAN PONCO GUNUNG LAWU;MKN;12;PCS;55.008;
8992858564006;PROMAG HERBAL CAIR 15ML;P3K;12;PCS;32.004;
8991998117684;CAFFINO CAPPUCINO BTL 200ML;MNM;12;PCS;72.156;
8997235180190;CLEO GALON 12,8 L;MNM;12;PCS;192.000;
04510;LEM SUPER GLUE;HOME CARE;12;PCS;21.000;
8991001111791;SILVERQUEEN BITES DARK 35G;MKN;12;PCS;107.004;
8997212801322;HYDRO PLUS ISO 350 ML;MNM;12;PCS;52.728;
8993207230283;FIESTA SOSIS SIAP MKN PDS;MKN;12;PCS;75.600;
8997033003622;YA BITES YAVA CHOCOLATE BANANA 35G;MKN;12;PCS;90.576;
8996006856715;TEBS 500ML;MNM;12;PCS;73.992;
8993207223131;FIESTA SOSIS SIAP MKN;MNM;12;PCS;75.600;
8992775211434;GARUDA PILUS RASA SAPI PANGGANG 95G;MKN;12;PCS;60.000;
8992982201501;NESTLE PURE LIFE 1500ML;MNM;12;PCS;44.916;
8998989300292;G.G PATRA 12;ROKOK;12;PCS;154.800;
8992717102509;SUN KARA SANTAN KELAPA 200ML;SMBK;12;PCS;180.000;
8999999706081;PEPSODENT 75G;HOME CARE;12;PCS;52.800;
8992775002582;DILAN CRUNCHY CARAMEL 24G;MKN;12;PCS;19.992;
8992761002022;SPRITE 390ML;MNM;12;PCS;48.804;
8998866100151;CIPTADENT COOL MINT 120 GR;HOME CARE;12;PCS;84.000;
8997240601154;OATSIDE CARAMEL MACCHIATO BR 200 ML;MNM;12;PCS;94.152;
8997240600454;OATSIDE COFFE OAT MILK 200 ML;MNM;12;PCS;66.648;
8992775001073;CHOCOLATOS DRINK 200ML;MNM;12;PCS;58.200;
089686060461;POP MIE KARI AYAM;MKN;12;PCS;51.000;
8998866107068;MAMA LEMON JERUK NIPIS 230ML;HOME CARE;12;PCS;43.200;
8994947000242;ITO EN OI OCHA 300 ML;MNM;12;PCS;69.600;
8997017730988;ROKOK GROW BERRY 16;ROKOK;12;PCS;268.800;
8992775002735;CHOCOLATOS CHOCO MILK 190ML;MNM;12;PCS;44.508;
8992907710019;SARI ROTI SOBEK COKLAT;MKN;12;PCS;194.400;
8991998119886;CAFFINO SPANISH LATTE 200ML;MNM;12;PCS;72.156;
8991998117585;CAFFINO MILKY ESPRESSO BTL 200ML;MNM;12;PCS;72.156;
8997033003639;YA BITES YAVA LIGHT CHOCO 35G;MKN;12;PCS;90.576;
7622201430122;OREO ICE CREAM 38GR;MKN;12;PCS;24.252;
8993200669271;CIMORY SQUIZEE BERRY BLAND;MNM;12;PCS;90.000;
8997240600256;OATSIDE BARISTA BR 200 ML;MNM;12;PCS;84.648;
8993207223148;FIESTA BASO KEJ 60 GR;MKN;12;PCS;75.600;
9555093300205;STARWAY JELLY MIXED 100 GR;MKN;12;PCS;119.880;
8994985000242;POKKA LEMON TEA 450 ML;MNM;12;PCS;60.000;
089686060102;POP MIE GORENG PEDAS GLEDEK;SMBK;12;PCS;59.796;
8994455320023;RUMUT RASA UDANG;MKN;12;PCS;39.804;
8997221811114;INKO GIM SNACK MADU 6G;MKN;12;PCS;73.740;
8992911040140;KONICARE EXTRA FINE 100 STICKS;BABY;12;PCS;60.000;
8997218380135;ICHITAN THAI GREENTEA 310 ML;MNM;12;PCS;79.200;
8998009030031;SARI ASEM ASLI 250ML;MNM;12;PCS;57.600;
8993200669301;CIMORY SQUIZEE STRAW MANGGO;MNM;12;PCS;90.000;
8992775001011;GERY SALUT WAFER KELAPA 21G;MKN;12;PCS;20.400;
8999988888811;LARUTAN CAP BADAK ORANGE 320ML;MNM;12;PCS;71.928;
8992946532795;MINYAK RIZKI 1 LT;SMBK;12;PCS;202.896;
8993118000036;MOCABE MAKARONI RASA SAMBAL GEPREK 24G;MKN;12;PCS;33.492;
8992775311325;GERY SNACK SEREAL COKLAT 100G;MKN;12;PCS;84.000;
8993163510160;TISU SIERRA 250;HOME CARE;12;PCS;80.352;
8997221811374;INKO RUMPANG PDS 1,5 GR;MKN;12;PCS;22.020;
8999999706180;PEPSODENT 190G;HOME CARE;12;PCS;155.100;
8999777018351;NIVEA MEN COOL KICK SC;KSMTK;12;PCS;30.000;
8994985000273;POKKA LYCHEE 450 ML;MNM;12;PCS;60.000;
8993379500221;SUNCO 1L;SMBK;12;PCS;237.540;
8996001308059;ROMA GANDUM SANDWICH COKLAT 39G;MKN;12;PCS;19.200;
8998009010613;ULTRA FULL CREAM 1000ML;MNM;12;PCS;208.800;
8991001301017;CERES CLASSIC 80G;MKN;12;PCS;110.004;
8994985000006;POKKA JASMINE 450 ML;MNM;12;PCS;60.000;
8999999593384;WALL'S CORNETTO CLASSIC BLACK & WHITE 82ML;ICE CREAM;12;PCS;48.444;
8993296201119;TERIGU SEGITIGA BIRU 1KG;HOME CARE;12;PCS;150.000;
8993379500238;SUNCO 2L;SMBK;12;PCS;466.200;
8997017730636;ROKOK GROW BLACK ICE 16;ROKOK;12;PCS;260.400;
8992775005897;CHOCOLATOS ROLL RICH 19 GR;MKN;12;PCS;19.200;
8996006858108;FRUITEA STRAWBERRY 350ML;MNM;12;PCS;42.996;
8994985000266;POKKA MANGGA 450 ML;MNM;12;PCS;60.000;
8997218380159;ICHITAN BROWN 310ML;MNM;12;PCS;79.200;
8999999707842;CLOSEUP GREEN 110G;HOME CARE;12;PCS;171.600;
8996006855145;TEH BOTOL 450ML;MNM;12;PCS;60.000;
8993118000043;MOCABE MAKARONI RASA BBQ PEDAS 25G;MKN;12;PCS;33.492;
8992775002155;CHOCOLATOS DRINK COKELAT 200ML;MNM;12;PCS;46.500;
8994455320016;RUMUT RASA BALADO;MKN;12;PCS;39.804;
0101215;JAS HUJAN STELAN 46;HOME CARE;12;PCS;75.000;
8992911040126;KONICARE COTTON BUDS EXTRA FINE 50 STICKS;BABY;12;PCS;36.000;
8992907000806;SARI ROTI DORAYAKI PANDAN;MKN;12;PCS;64.800;
8997240600348;OATSIDE COFEE BR 200 ML;MNM;12;PCS;94.152;
8997240600393;OATSIDE BARISTA BLEND MILK 200 ML;MNM;12;PCS;49.188;
7622201430184;OREO ORIGINAL 38G;MKN;12;PCS;24.252;
8999988888828;LARUTAN CAP BADAK STRAW 320ML;MNM;12;PCS;71.928;
8992775001042;GARUDA PILUS MIE GORENG 95G;MKN;12;PCS;60.000;
8991038110354;KAPAS SELECTION;HOME CARE;12;PCS;60.000;
8993365170025;MADU TJ SC;MKN;12;PCS;9.888;
8997240600263;OATSIDE COKLAT BR 200 ML;MNM;12;PCS;84.648;
89995107885526;PRISTINE GALON REFF 19 LT;MNM;11;PCS;194.700;
8992907953270;SARI ROTI TAWAR SPESIAL JUMBO;MKN;11;PCS;178.200;
8992907996772;SARI ROTI DORAYAKI STRAWBERRY;MKN;10;PCS;54.000;
8888166321106;KHONG GUAN SALTCHEESE CREAKER 200 GR;MKN;10;PCS;81.000;
8996001305553;ROMA ARDEN YOGURT STRAWBERRY 30GR;MKN;10;PCS;17.000;
8998898336405;TOLAK ANGIN SUGAR FREE 15 ML;MKN;10;PCS;36.070;
8998685162002;KONIDIN HERBAL MINT LOZENGES;MKN;10;PCS;29.420;
0259;TEH TARIK HANAANG CUP;MNM;10;PCS;55.000;
8999881232025;ROKOK MARISSA KRETEK 12;ROKOK;10;PCS;75.000;
112255469;KOPI ROBUSTA BL BR 150GR;MNM;10;PCS;200.000;
8998685161005;KONIDIN MINT LOZENGES;MKN;10;PCS;29.420;
8990044000086;POCKY COOKIES & CREAM 20 GR;MKN;10;PCS;38.900;
8996001313633;ROMA APETITO BBQ 19GR;MKN;10;PCS;16.000;
8996001313657;ROMA APETITO TOMATO 19GR;MKN;10;PCS;16.000;
8996001313671;ROMA APETITO SOUR 18GR;MKN;10;PCS;16.000;
8996001305119;ROMA ARDEN CHOCOSPLENDID 30G;MKN;10;PCS;17.000;
8998866200301;MIE SEDAAP GORENG;MKN;10;PCS;28.090;
8998866202343;MIE SEDAAP KOREAN SPICY CHICKEN;SMBK;10;PCS;28.090;
8991001111289;SILVERQUEEN 33G;MNM;10;PCS;74.230;
3086120600044;BENSIN BIC BR;HOME CARE;10;PCS;32.430;
8999999572303;SUNLIGHT JERUK NIPIS 400;HOME CARE;10;PCS;85.000;
8886057883665;KRATINGDAENG 150ML;MNM;10;PCS;50.500;
8998866203104;MIE SEDAAP SINGAPORE SPICY LAKSA;MKN;10;PCS;26.720;
8998898338409;TOLAK LINU HERBAL MINT;P3K;10;PCS;27.000;
8998866200325;MIE SEDAAP RASA SOTO;SMBK;10;PCS;26.720;
8990044000062;POCKY CHOCOLATE STIK 22G;MKN;10;PCS;38.900;
8990044000079;POCKY STRAWBERRY STIK 21G;MKN;10;PCS;38.900;
034;TELOR OMEGA ISI 6;MKN;10;PCS;148.990;
036;TELOR OMEGA ISI 10;MKN;10;PCS;243.990;
745604688581;BERAS PREMIUM 818 ORANGE 5 KG;SMBK;10;PCS;715.000;
8996001300053;ROMA MARIE SUSU SC;MKN;10;PCS;8.000;
8886007821242;SOSRO TEH CELUP ISI 25PCS;MNM;10;PCS;61.000;
8998898335408;TOLAK LINU HERBAL;P3K;10;PCS;27.000;
8992907450014;SARI ROTI KRIM COKLAT VANILA;MKN;9;PCS;40.500;
8999909012875;SAMPOERNA LEGIT AMERTA;ROKOK;9;PCS;113.250;
8999909028999;DJI SAM SOE REFFIL;ROKOK;9;PCS;183.900;
8993200663057;CIMORY YOGURT MIXED BERRY 250ML;MNM;8;PCS;56.800;
9556001288592;NESCAFE LATTE 220ML;MNM;8;PCS;45.600;
8993200661299;CIMORY YOGURT LYCHEE 250ML;MNM;8;PCS;56.800;
9556001288547;NESCAFE CAPPUCCINO 220ML;MNM;8;PCS;45.600;
8992907000554;SARI ROTI KRIM ZUPER CHOCO;MKN;8;PCS;36.000;
8993200661336;CIMORY YOGURT MANGO 250ML;MNM;8;PCS;56.800;
8993200661657;CIMORY YOGURT BLUEBERRY 250ML;MNM;8;PCS;56.800;
8992907996765;SARI ROTI SANDWICH ZUPERR SWEET;MKN;8;PCS;36.000;
8993200661350;CIMORY YOGURT ANEKA BUAH 250ML;MNM;8;PCS;56.800;
8993200661305;CIMORY YOGURT STROBERI 250ML;MNM;8;PCS;56.800;
9556001295248;NESCAFE ICE BLACK 220ML;MNM;8;PCS;45.600;
8992907000547;SARI ROTI KRIM ZUPER CHOCO BANANA;MKN;7;PCS;31.500;
8992907000561;SARI ROTI KRIM ZUPER STRAW;MKN;7;PCS;31.500;
8997014443010;ON LINE PINEAPPLE 16;ROKOK;6;PCS;135.900;
8992918401098;MADU SUPER NUSANTARA 100ML;MNM;6;PCS;195.510;
8997019720499;TISSUE LARAS FACIAL 250;HOME CARE;6;PCS;56.304;
8992942120347;PIA 100 COKLAT 75G;MKN;6;PCS;35.040;
8991102384841;TANGO COKLAT 130G;MKN;6;PCS;27.600;
8992727000543;BIORE BOTOL ANTIBACTERIAL 100 ML;HOME CARE;6;PCS;67.200;
8995227500582;CAP PANDA GRASS JELLY 310ML;MNM;6;PCS;33.300;
053314502227;KUSUKA BLACK PEPPER 60G;MKN;6;PCS;34.200;
8992775203422;GARUDA KACANG ROSTA RASA BAWANG 100G;MKN;6;PCS;45.600;
8886022971298;ALKALINE AA ISI 2;BATERAI;6;PAK;71.328;
8888166842731;MONDE BOURBON CHOCO 140G;MKN;6;PCS;54.600;
8992942120408;PIA 100 PANDAN 75 GR;MKN;6;PCS;35.040;
8999909000773;MARLBORO FILTER BLACK 12;ROKOK;6;PCS;128.001;
8888166330306;NISSIN LEMONIA 130GR;MKN;6;PCS;45.600;
8992727003087;LAURIER NIGHT 35CM 6P;HOME CARE;6;PCS;48.600;
8999999530662;LIFEBOUY MATCHA GREENTEA 75G;HOME CARE;6;PCS;25.200;
8999002311462;BATERAI EVEREADY AA 4PCS;BATERAI;6;PCS;76.800;
8994457271552;BEBIGOO BABY ACTIVITY WIPES 20PCS;HOME CARE;6;PCS;47.280;
8997220410516;KIN YOGURT BLACK 200 ML;MNM;6;PCS;42.810;
8995227500377;CAP PANDA LIANG TEA 310ML;MNM;6;PCS;33.300;
8997004301146;RIN-BEE STIK KEJU 60GR;MKN;6;PCS;35.142;
8995227500261;KAKI TIGA 500ML;MNM;6;PCS;41.250;
8999999033200;LIFEBUOY SHP A-D 70ML;HOME CARE;6;PCS;70.002;
8993163505135;TISU FVC MINI SOFTPACK 120 S;HOME CARE;6;PCS;28.386;
8998866602570;NUVO FAMILY KUNING 76G;HOME CARE;6;PCS;16.800;
8999999192150;ROYCO AYAM 100G;SMBK;6;PCS;27.600;
8998866110013;MAMA LEMON PP YUZU 680 ML;HOME CARE;6;PCS;51.600;
4902430566889;H&S SHAMPO LEMONFRESH SC;HOME CARE;6;PCS;26.700;
8992775004289;GARUDA ROSTA JAGUNG MANIS 100G;MKN;6;PCS;45.600;
8992775203453;GARUDA ROSTA RASA PEDAS 95G;MKN;6;PCS;45.600;
653314503561;KUSUKA TOPPING BALADO 60G;MKN;6;PCS;33.000;
6956367311904;WONGLOAT LIANG TEH 310 ML;MNM;6;PCS;58.506;
8995899130339;KOBE TEPUNG KENTUCKY 200G;SMBK;6;PCS;30.600;
7622210640994;CADBURY DAIRY MILK CASHEW NUT 62G;MKN;6;PCS;82.926;
8993175535885;NABATI CHOCOLATE WAFER 50G;MKN;6;PCS;11.508;
8888166993150;NISSIN WALENS CHOCO SOES 100G;MKN;6;PCS;51.600;
8992696428287;MILO COMBO CUP 32G;MKN;6;PCS;48.000;
8998694420056;DIASWEET FIBERCHIPS BBQ 50 GR;MKN;6;PCS;29.970;
8993365131538;MADU TJ MURNI 150ML;MNM;6;PCS;95.664;
8999178840339;CHUBA BBQ 140G;MKN;6;PCS;63.600;
8888166842625;MONDE GENJI RAISIN PIE 85GR;MKN;6;PCS;56.400;
8992718853813;CUP NOODLE RASA KALDU AYAM;MKN;6;PCS;38.292;
8991111153063;LISTERINE ZERO 100ML;HOME CARE;6;PCS;47.400;
8992718853882;NISSIN GEKIKARA PAS AYAM PEDAS;MKN;6;PCS;22.908;
8992770096128;SAORI SAUS TIRAM 133ML;MKN;6;PCS;67.200;
8992775006023;GARUDA SKIPPY PEANUT BUTTER 50G;MKN;6;PCS;29.340;
8993189270734;CHARM SAFE NIGHT 42CM 4 PADS;HOME CARE;6;PCS;72.000;
8994457271170;MISSY SF PANTS L-XL 2PCS;HOME CARE;6;PCS;105.066;
8888166842823;MONDE BISCUIT PIE BIS 190G;MKN;6;PCS;57.600;
8999999192198;ROYCO SAPI 100G;SMBK;6;PCS;27.000;
8998866608459;DAIA PUTIH 290G;HOME CARE;6;PCS;25.800;
8992775100707;GARUDA CRUNCHY BBQ 50 GR;MKN;6;PCS;36.120;
8993175532464;NABATI CHEESE WAFER;MKN;6;PCS;27.018;
8992775210222;GARUDA KACANG ATOM PEDAS 100G;MKN;6;PCS;45.600;
8993189270338;CHARM EXTRA MAXI WING 23CM 10PADS;HOME CARE;6;PCS;50.400;
8886022941123;BATERAI ABC A2 / ISI 2;SOUVENIR;6;PCS;26.178;
8886013221203;TWISKO 70G;MKN;6;PCS;30.600;
8993189270260;CHARM SAFE NIGHT 35 CM 5 PADS;HOME CARE;6;PCS;67.800;
8993007003902;SKM INDOMILK POUCH 545 GR;MNM;6;PCS;105.750;
8993207130057;AKUMO NAGET 250G;MKN;6;PCS;72.900;
8997004302457;SUKY SUKY SWEET 60 GR;MKN;6;PCS;35.142;
8993039111255;REGAL MARIE BISCUITS 125G;MKN;6;PCS;79.800;
8992753101207;FF SKMP 370G;SMBK;6;PCS;72.000;
013256140406;TG HONEY PEANUTS;MKN;6;PCS;45.000;
8888166350137;NISSIN WALENS CHEESE SOES 100G;MKN;6;PCS;58.800;
8993163505128;TISU FVC SOFTPACK 200 S;HOME CARE;6;PCS;55.620;
8992936115021;TONG TJI JASMINE 25;SMBK;6;PCS;56.100;
8888140000027;GOGO ORANGE 237ML;MKN;6;PCS;69.930;
8992727002561;BIORE BOTOL 100ML;HOME CARE;6;PCS;70.200;
8993163505111;FAVOUR CHARACTER POP UP 200'S;HOME CARE;6;PCS;38.298;
0179;SNACK SUCI FOODS TALAS;MKN;6;PCS;90.000;
8992775005873;GARUDA SLONDOK BALADO 50 GR;MKN;6;PCS;33.180;
089686723021;CHIKI TWIST CORN 75G;MKN;6;PCS;33.000;
8999999554934;DOVE SHAMPO RAMBUT RUSAK SC;HOME CARE;6;PCS;26.700;
8992702000018;INDOMILK SKM PUTIH 370G;SMBK;6;PCS;74.400;
17730;OBAT TETES MATA VISION BLU 3.5ML;P3K;6;PCS;91.842;
8992858665000;PROMAG / STRIP;P3K;6;PCS;47.004;
8998694420049;DIASWEET FIBERCHIPS CHEESE 50 GR;MKN;6;PCS;29.970;
8993189320286;CHARM NIGHT WING 12/35;HOME CARE;6;PCS;102.000;
8992718853370;NISSIN GEKIKARA RAMEN HOT SPICY;MKN;6;PCS;22.908;
8999002694015;BATERAI ENERGIZER  AA 2PCS;BATERAI;6;PCS;66.120;
8992753004010;FF SKMP POUCH 545 GR;MNM;6;PCS;95.400;
8888166621008;KHONG GUAN SALTCHEESE SS 200 GR;MKN;6;PCS;56.400;
8999999610111;LIFEBUOY BODYWASH RED 100G;HOME CARE;6;PCS;103.800;
8992918265027;MADU SUPER NUSANTARA 250ML;MNM;6;PCS;435.000;
89981108;LUCKY STRIKE WHITE FILTER 20;ROKOK;6;PCS;169.200;
8992741958790;YUPI PEACH RINGS 45G;MKN;6;PCS;31.800;
8997004302440;OISHI SUKY SUKY SEAWED 60 GR;MKN;6;PCS;35.142;
8999918999365;BOGABIS GABIN ARMY KELAPA 125G;MKN;6;PCS;31.482;
8992918401104;MADU MURNI 100ML;MNM;6;PCS;196.800;
8998866602730;SOKLIN PEWANGI PINK 800ML;HOME CARE;6;PCS;64.800;
4321583950213;YUPI ICED COLA 45G;MKN;6;PCS;31.800;
8992718853868;NISSIN GEKIKARA RAMEN PAS CARBONARA;MKN;6;PCS;22.908;
8888166607132;KHONG GUAN CLASSIC 350 GR;MKN;6;PCS;124.800;
8998866602549;NUVO FAMILY BIRU 76G;HOME CARE;6;PCS;16.800;
8992775004357;GARUDA CRUNCHY CORN 45G;MKN;6;PCS;51.000;
9556182023258;CADBURY DAIRY MILK CHOCOLATE 62G;MKN;6;PCS;82.926;
8999999533434;CLEAR SHAMPO MENTHOLFRESH SC;HOME CARE;6;PCS;27.000;
8992775212110;GARUDA KACANG TELUR 100G;MKN;6;PCS;46.200;
8997004301184;OISHI SPICY SHRIMP 60GR;MKN;6;PCS;35.142;
8993163505036;FAVOUR PRESTIGE TRAVEL PACK 50'S;HOME CARE;6;PCS;28.308;
8999999059323;LIFEBOUY LEMON 80G;HOME CARE;6;PCS;24.000;
8993175535878;NABATI WAFER CHEESE 50G;MKN;6;PCS;11.508;
8999999059316;LIFEBOUY TS MILDCARE 80G;HOME CARE;6;PCS;24.000;
8991102987639;TANGO VANILLA 130GR;MKN;6;PCS;27.600;
8999999033125;LIFEBUOY SHP A-HF 70ML;HOME CARE;6;PCS;70.002;
8992775211410;GARUDA PILUS RASA PEDAS 95G;MKN;6;PCS;30.000;
8888166842557;MONDE GENJI PIE 70G;MKN;6;PCS;56.400;
013256510414;TG PARTY SNACK 55 GR;KSMTK;6;PCS;45.000;
8888166336568;NISSIN CRISPY CRACKERS 225G;MKN;6;PCS;56.400;
0111220111;SNACK SUCI FOODS SINGKONG;MKN;6;PCS;90.000;
8999999001247;LIFEBUOY BW MILDCARE BOTOL 100ML;HOME CARE;6;PCS;106.200;
8997220410158;KIN YOGHURT LECI 200ML;MNM;6;PCS;42.810;
8992775001691;GARUDA KACANG ROSTA WAGYU 100G;MKN;6;PCS;45.600;
8999909012844;SAMPOERNA LEGIT SADA 12;ROKOK;6;PCS;77.250;
8990121011073;BANGO KECAP BTL 135ML;SMBK;6;PCS;57.000;
8995227502814;CAP PANDA CINCAU SELASIH 310ML;MNM;6;PCS;33.300;
8992918165020;MADU MURNI NUSANTARA 250ML;MNM;6;PCS;354.000;
8995227500124;KAKI TIGA 200ML;MNM;6;PCS;20.622;
8999999514617;BANGO MANIS 400ML;SMBK;6;PCS;115.200;
8994457271408;MISSY PURE COMFORT DAY ISI 10;HOME CARE;6;PCS;79.104;
8995227500599;CAP PANDA SARANG BURUNG 310ML;MNM;6;PCS;33.300;
8993175542241;NABATI PINKLAVA 50GR;MKN;6;PCS;11.508;
8888166990104;MONDE FRIED COOKIES 200G;MKN;6;PCS;96.000;
8888166343191;MONDE GENJI CHOCO PIE 85GR;MKN;6;PCS;45.600;
8992741905183;YUPI SOUR O'RINGO;MKN;6;PCS;31.800;
8992718853806;CUP NOODLE RASA KALDU SAPI;MKN;6;PCS;38.292;
8992942120316;PIA 100 KACANG HIJAU 75G;MKN;6;PCS;35.040;
8994457271460;MISSY PURE COMFORT SUPER NIGHT ISI 6;HOME CARE;6;PCS;79.104;
8999999059309;LIFEBUOY TOTAL10 80G;HOME CARE;6;PCS;24.000;
8997026200359;BERAS RAJA ULTIMA 5 KG;SMBK;5;PCS;368.750;
0126;T 50K;PULSA;5;PCS;250.500;
8992112014018;NEOZEP 4 TABLET;P3K;5;PCS;13.250;
0112;S 100K;PULSA;5;PCS;500.000;
8993175537285;NABATI CHEESE WAFER 127GR;MKN;5;PCS;32.670;
8995858192620;MIXAGRIP FLU & BATUK;P3K;5;PCS;14.750;
8993175539821;NABATI WHITE WAFER 127G;MKN;5;PCS;32.670;
8993175537346;NABATI CHOCOLATE WAFER 127GR;MKN;5;PCS;32.670;
8997233910140;BERAS REZEKI 5KG;SMBK;5;PCS;360.000;
8997014442983;ON LINE ES TELLER 16;ROKOK;5;PCS;113.100;
8997004301429;OISHI SPONGE COK 100 GR;MKN;5;PCS;53.600;
8998667100206;PARAMEX;P3K;5;PCS;12.250;
8994455480123;DUNHILL EVOQUE 16;ROKOK;5;PCS;157.000;
0160;I 50K;PULSA;5;PCS;252.500;
8993175544764;NABATI WAFER PINK LAVA 127GR;MKN;5;PCS;32.670;
8992907440015;SARI ROTI KRIM MOKA;MKN;5;PCS;22.500;
8993496111126;BERAS SAWAH PANEN 5KG;SMBK;5;PCS;357.500;
089686043754;INDOMIE SOTO KOYA NAGIH;MKN;5;PCS;13.750;
8992907000868;SARI ROTI ISI KELAPA;MKN;4;PCS;14.400;
8995952008230;MORIN CHOCO PEANUT 170G;MKN;4;PCS;95.600;
8999999027261;LIFEBOUY REFF LEMON FRESH 450ML;HOME CARE;4;PCS;89.600;
0106;PLN 100K;PULSA;4;PCS;404.000;
4902931110185;BOTAN MACKEREL TOMATO 155G;SMBK;4;PCS;66.800;
8996196000950;PIATTOS SAPI PANGGANG 75G;MKN;4;PCS;33.100;
0130;T 20K;PULSA;4;PCS;84.800;
8999999048488;SUNSILK HIJAB BTL 70ML;KSMTK;4;PCS;51.600;
8992727001700;BIORE PURE MILD BW 450ML;HOME CARE;4;PCS;76.400;
8992727002554;BIORE WHITE SCRUB BW 450ML;HOME CARE;4;PCS;78.800;
8996196005559;PIATTOS KEJU PEDAS 75 G;MKN;4;PCS;33.100;
8992907750015;SARI ROTI SISIR MENTEGA;MKN;4;PCS;39.600;
8996196004705;PIATTOS RASA SAMBAL GEPREK 78G;MKN;4;PCS;33.100;
8999999045913;LIFEBUOY MILD CARE 100G;HOME CARE;4;PCS;20.200;
8998685052303;FROZZ BARLEY MINT;MKN;4;PCS;25.716;
8999999583514;LIFEBUOY 3 IN 1 POUCH 450ML;HOME CARE;4;PCS;94.000;
8992907740016;SARI ROTI SOBEK COKLAT STROBERI;MKN;4;PCS;62.550;
8999999401238;RINSO ANTI NODA CLASSIC 800G;HOME CARE;3;PCS;83.700;
8996001401194;GENTLE GEN FRENCH PEONY 750ML;HOME CARE;3;PCS;58.800;
8997878701998;MILKITA LOLIPOP OMG 25 GR;MKN;3;PCS;10.947;
4902430400886;PANTENE SHAMPO AH 160ML;HOME CARE;3;PCS;84.600;
0114;S 50K;PULSA;3;PCS;151.350;
8993175549820;NABATI VITAKRIM 127G;MKN;3;PCS;19.602;
749921030085;HILO TEEN 200ML RASA COFFEE;MNM;3;PCS;22.644;
9555074300576;LEIVY SHW CREAM BW 900ML;HOME CARE;3;PCS;158.508;
8993207202228;CHAMP SOSIS BAKAR MINI 500 G;MNM;3;PCS;85.050;
8993322104254;BOTAN SARDINES TOMATO 425G;SMBK;3;PCS;74.400;
8998866608008;KECAP SEDAAP 135 ML;SMBK;3;PCS;20.844;
8993175538909;SIIP CORN 50G;MKN;3;PCS;11.937;
8997217370526;CAMEL YELLOW MILD 12;ROKOK;3;PCS;55.950;
8997014450155;PROCHIZ SPREADY 170G;MKN;3;PCS;33.921;
711844110113;ABC KECAP 135ML;SMBK;3;PCS;22.611;
8997217371042;CAMEL COKLAT KRETEK 12;ROKOK;3;PCS;42.000;
8999999036829;LUX BW PINK SOFT REFF 450ML;HOME CARE;3;PCS;67.800;
8998888712295;DELMONTE SAUCE BBQ 250 GR;MKN;3;PCS;25.800;
8993175563680;RF WAFFLE FRIES RASA AYAM PEDAS 54G;MKN;3;PCS;25.650;
8997035601222;ORONAMIN C 120 ML;MNM;3;PCS;15.600;
8995227501039;CAP KAKI TIGA RASA MARKISA 320ML;MNM;3;PCS;17.499;
8999777016784;NIVEA MEN ROOL COOK KICK 50 ML;KSMTK;3;PCS;49.800;
8993175538862;SIIP RICHOCO 50GR;MKN;3;PCS;11.937;
8993175538824;SIIP CHEESE 50G;MKN;3;PCS;11.937;
4902430400947;PANTENE SHAMPO AD 160ML;HOME CARE;3;PCS;84.600;
0001234567;LA FONTE SPAGHETI 500 GR;MKN;3;PCS;46.797;
8998866803694;SO KLIN SOFTERGENT LAVENDER 800G;HOME CARE;3;PCS;54.600;
8993175562928;RF WAFFLE FRIES RASA BURGER KEJU 54G;MKN;3;PCS;25.650;
8995227502074;CAP KAKI TIGA RASA JERUK NIPIS 320ML;MNM;3;PCS;17.499;
8993175562515;NABATI WAFER CCP 100 GR;MKN;3;PCS;24.894;
8993175533836;NABATI CHOCOLATE WAFER 75G;MKN;3;PCS;13.509;
711844120037;ABC SAMBAL ASLI 135ML;SMBK;3;PCS;19.500;
8996196002954;PIATTOS RASA RUMPUT LAUT 75G;MKN;3;PCS;24.825;
8997168212135;JUARA TEH MANIS 12;ROKOK;3;PCS;38.250;
000123456;LA FONTE MAKARONI 500 GR;MKN;3;PCS;46.797;
8999999580766;REXONA MEN DEO ULTRA 45ML;HOME CARE;3;PCS;60.000;
8995102708089;MAMA SUKA RASA SAPI PANGGANG 5G;MKN;3;PCS;35.115;
8997014450216;PROCHIZ CHEDDAR GOLD 170G;MKN;3;PCS;18.363;
8993417105418;SASHA TP ANTI BACTERIAL 65G;HOME CARE;3;PCS;22.650;
8993175538572;NABATI CHEESE WAFER 115G;MKN;3;PCS;24.894;
8995227500308;CAP KAKI TIGA ORANGE 320ML;MNM;3;PCS;17.499;
8995227500292;CAP KAKI TIGA RASA MELON 320ML;MNM;3;PCS;17.499;
711844120082;ABC SAMBAL EXTRA PEDAS 135ML;SMBK;3;PCS;19.500;
8997014443065;ON LINE GRAEPE 20;ROKOK;3;PCS;68.400;
4902430102247;HEAD & SHOULDERS COOL MENTHOL 170ML;HOME CARE;3;PCS;77.700;
8998009010637;ULTRA MILK LOW FAT 1000ML;MNM;3;PCS;66.300;
8999999016128;RINSO MOLTO ROSE 510+190 ML;HOME CARE;3;PCS;46.500;
8998866805353;SO KLIN LIQUID PARFUME 750 ML;HOME CARE;3;PCS;45.000;
8991001121615;SILVERQUEEN 68G;MKN;3;PCS;42.102;
8992907953287;SARI ROTI TAWAR KUPAS JUMBO;MKN;3;PCS;55.500;
711844330009;ABC SARDEN TOMAT 155G;SMBK;3;PCS;27.546;
8991001121400;SILVERQUEEN ALMOND 68G;MKN;3;PCS;42.102;
8996196004859;PIATTOS RASA SAMBAL GEPREK 35G;MKN;3;PCS;14.847;
8997878702001;MILKITA LOLIPOP SCM 25 GR;MKN;3;PCS;10.947;
8999999606008;CITRA LOTION PEARL 110ML;HOME CARE;3;PCS;31.302;
8992753722181;FF SKM GOLD POUCH 280GR;MNM;3;PCS;45.900;
8996196000455;PIATTOS RASA SAPI PANGGANG 35G;MKN;3;PCS;14.847;
711844330108;ABC SARDEN CABAI  155G;SMBK;3;PCS;27.546;
8992770034175;MASAKO AYAM 100G;SMBK;3;PCS;12.900;
8999999006006;RINSO ANTI NODA CLASSIC 510+190 ML;HOME CARE;3;PCS;54.000;
8995227500254;CAP KAKI TIGA STRAWBERRY 320ML;MNM;3;PCS;17.499;
8995102708027;MAMA SUKA RUMPUT LAUT PANGGANG 9G;MKN;3;PCS;35.115;
8999999534677;REXONA GLOW WHITE 40ML;HOME CARE;3;PCS;42.900;
7622300270919;KRAFT QUICKMELT MOZZA 165G;MKN;3;PCS;84.822;
8998866602747;SOKLIN PEWANGI BLUE 800ML;HOME CARE;3;PCS;32.400;
8992753005499;FF UHT FAMILY FULL CREAM 900ML;MNM;3;PCS;55.500;
8992003784532;TEJAHE ORIGINAL 100G / BAG;MKN;3;PAK;14.919;
8998866603416;RAPIKA FOREVER BLOSSOM 400ML;HOME CARE;3;PCS;11.700;
8997014450421;PROCHIZ GOLD SILCE 12;MKN;3;PCS;31.389;
8992727005289;JAZ 1 PINK 900G;HOME CARE;3;PCS;55.200;
8995227500247;CAP KAKI TIGA GUAVA 320ML;MNM;3;PCS;17.499;
0110;PLN 50K;PULSA;3;PCS;153.000;
8999898962533;UHT DIAMOND FC 1000 ML;MNM;3;PCS;62.700;
8992770034182;MASAKO SAPI 100G;SMBK;3;PCS;12.900;
8992772948012;KISPRAY KASTURI 280ML;HOME CARE;3;PCS;19.500;
8999999534660;REXONA DREAMY BRIGHT 40ML;HOME CARE;3;PCS;41.100;
8995227500278;CAP KAKI TIGA LECI 320ML;MNM;3;PCS;17.499;
749921006868;HILO TEEN 200ML RASA CHOCOLATE;MNM;3;PCS;22.644;
8997878702216;LOLIPOP POCET ISI 3;MKN;3;PCS;8.550;
8999999580759;REXONA MEN DEO ADVEN 45ML;HOME CARE;3;PCS;60.000;
8998009080500;KRAFT CHEEDAR 165G;MKN;3;PCS;70.482;
8998866803649;SO KLIN LIQUID VIOLET 750ML;HOME CARE;3;PCS;45.000;
8998866100700;MAMA LEMON EXTRA 680 ML;HOME CARE;3;PCS;24.900;
8992907000820;SARI ROTI WAFFLE;MKN;3;PCS;13.500;
8994755031131;GOOD TIME MINI BOX 50GR;MKN;3;PCS;17.679;
8998866604932;DAIA LEMON 850G;HOME CARE;3;PCS;46.149;
8993417105425;SASHA TP WHITENING 65G;HOME CARE;3;PCS;19.500;
8999999592448;SUNLIGHT EXTRA LEMBUT 600ML;HOME CARE;3;PCS;35.700;
8993417227714;SLEEK BABY LAUNDRY DETERGENT 450ML;BABY;3;PCS;61.653;
8995227500230;CAP KAKI TIGA RASA ANGGUR 320ML;MNM;3;PCS;17.499;
8997035601482;FIBE MINI 100 ML;MNM;3;PCS;17.100;
749921030658;HILO MILKY BROWN SUGAR 200ML;MNM;3;PCS;19.647;
8886015203115;GOOD TIME DOUBLE CHOC 72G;MKN;3;PCS;20.832;
8993007000680;INDOMILK PLAN 1000ML;MNM;3;PCS;53.400;
8993175562843;NABATI WAFER CCP 127 GR;MKN;3;PCS;19.602;
8886015201111;GOOD TIME CLASSIC 72G;MKN;2;PCS;13.888;
8997220411100;KIN YOGHURT POUCH MANGGA 80G;MNM;2;PCS;11.172;
8998685053300;FROZZ CHERRY MINT;MKN;2;PCS;12.988;
9555074300613;LEIVY SHW CREAM BW 450ML;HOME CARE;2;PCS;64.158;
8997021873220;FRESH CARE SMASH MATCHA;P3K;2;PCS;25.664;
8993172995460;SIMBA CHOCO CHIP CUP CHOCOLATE MILK 17G;MKN;2;PCS;14.000;
8998685051306;FROZZ MINT;MKN;2;PCS;12.858;
8992695190208;PANADOL FLU & BATUK BLISTER 10 KAPLET;P3K;2;PAK;32.000;
8992695100207;PANADOL BIRU 10 TABLET;P3K;2;PCS;21.900;
8993200667246;CIMORY UHT COK TIRAMISU 250 ML;MNM;2;PCS;11.000;
0210;BANDENG PRESTO;MKN;2;PCS;50.000;
8992717900433;NATAKU LECI 250 ML;MNM;2;PCS;13.210;
8998685183304;FROZZ BLACKBERRY MINT;MKN;2;PCS;12.988;
8994755020487;NYAM-NYAM POPSTIK 48G;MKN;2;PCS;10.722;
8993172000423;SIMBA CHOCO STRAWBERY CUP 37 G;MKN;2;PCS;14.000;
0162;I 25K;PULSA;2;PCS;52.500;
000888111;BODREX;P3K;2;PCS;8.250;
8993200666157;CIMORY UHT BEBAS LAKTOSA 250 ML;MNM;2;PCS;11.000;
8993200666898;CIMORY UHT COK MALT 250 ML;MNM;2;PCS;11.000;
8992741995726;SIMBA CHOCO CHIP 55G;MKN;2;PCS;15.474;
8997021870540;HOT IN CREAM 60GR;P3K;2;PCS;26.796;
8993172000607;SIMBA CHOCO STRAW BAG;MKN;2;PCS;15.474;
8997220411056;KIN YOGHURT POUCH STRAWBERRY 80G;MNM;2;PCS;11.172;
8996196000905;PIATTOS BBQ REJUVENATE 75GR;MKN;2;PCS;16.550;
8997021872230;HOTIN STRONG 60 GR;P3K;2;PCS;26.798;
8996196004651;PIATTOS RASA SAMBAL MATAH 78G;MKN;2;PCS;16.550;
8993200666928;CIMORY UHT MARIE BISCUITS 250ML;MNM;2;PCS;11.000;
8993200666133;CIMORY UHT COK 250 ML;MNM;2;PCS;11.000;
045395;OLI ADV LOW RC 1 LT;HOME CARE;2;PCS;200.000;
711844330153;ABC SARDEN EXTRA PEDAS 425G;MKN;2;PCS;48.900;
8993175563581;BIG ROLLS CHEESE 36G;MKN;2;PCS;18.600;
8993200666805;CIMORY UHT HAZELNUT 250 ML;MNM;2;PCS;11.000;
8993200666218;CIMORY UHT STRAWBERRY 250 ML;MNM;2;PCS;11.000;
8997220411070;KIN YOGHURT POUCH BLUEBERRY 80G;MNM;2;PCS;11.172;
8993175538596;NABATI CHOCOLATE WAFER 115G;MKN;2;PCS;16.596;
8993175540797;NEXTAR BROWNIES 112G;MKN;2;PCS;13.432;
8993200666836;CIMORY UHT ALMOND 250 ML;MNM;2;PCS;11.000;
8992695110206;PANADOL EXTRA 10 TABLET;P3K;2;PCS;25.000;
8997232971265;LEMONILO CHIMI CHEESE BURGER 41 GR;MKN;2;PCS;13.986;
0143;SR 50K;PULSA;2;PCS;100.700;
8993175563604;BIG ROLLS CHOCOLATE 42G;MKN;2;PCS;18.600;
8997021870151;FRESH CARE STRONG 10ML;P3K;2;PCS;25.662;
8996196226855;C9 CRUNCHY COK 10 S;MKN;2;PCS;15.838;
8993200666126;CIMORY UHT BLUEBERRY 250 ML;MNM;2;PCS;11.000;
8998685186305;FROZZ ANGGUR MINT;MKN;2;PCS;12.858;
8993175538947;NEXTAR PINEAPPLE 112G;MKN;2;PCS;13.432;
8997232970053;LEMONILO BROWNIES CRISPY CHEESE 35G;MKN;2;PCS;19.800;
8993172902499;SIMBA CHOCO CHIP CUP PLAIN MILK 17G;MKN;2;PCS;14.000;
8994755030998;GOOD TIME CHOCO DIP 72GR;MKN;2;PCS;14.928;
8993200666201;CIMORY UHT MATCHA 250 ML;MNM;2;PCS;11.000;
8993175548335;NEXTAR STRAWBERRY 112G;MKN;2;PCS;13.432;
8719200171411;BLUE BAND 1KG;SMBK;2;PCS;159.800;
8993200666867;CIMORY UHT CASHEW 250 ML;MNM;2;PCS;11.000;
01112000;I 20K;PULSA;2;PCS;40.600;
8997014021850;LEMONILO CHIMI JAGUNG BAKAR 40G;MKN;2;PCS;13.986;
8997021873114;FRESHCARE SMASH 10 ML;P3K;2;PCS;25.664;
8993175562652;NEXTAR BROWNIES 90G;MKN;2;PCS;11.730;
0154;B 10K;PULSA;1;PCS;11.250;
01334;SR 25K;PULSA;1;PCS;25.300;
010101;B 30K;PULSA;1;PCS;29.900;
0231;BERAS SETRA RAMOS CIANJUR 25KG;SMBK;1;PCS;400.000;
8993417165139;RESIK V MANJAKANI WHITENING 50ML;HOME CARE;1;PCS;9.651;
8993417165122;RESIK V RAMUAN MADURA 50ML;HOME CARE;1;PCS;9.651;
8998127923260;VUSE GO MANGGO 700;ROKOK;1;PCS;60.720;
8993417165016;RESIK V MANJAKANI 50ML;HOME CARE;1;PCS;8.881;
0108;PLN 200K;PULSA;1;PCS;201.000;
0122;S 5K;PULSA;1;PCS;5.700;
8998127923420;VUSE GO RELOAD ALAT 1000 PUFP;ROKOK;1;PCS;87.120;
8993175564717;NABATI GRANDE 110G ISI 5;MKN;1;PCS;8.500;
8997013661217;SAMPOERNA VEEV ULTRA APPLE 1100;ROKOK;1;PCS;72.800;
015000;T 15;MNM;1;PCS;16.950;
8998127923246;VUSE GO CREAMY 700;ROKOK;1;PCS;60.720;
8996001311554;ROMA MALKIST KOPYOR 105 G;MKN;1;PCS;5.650;
0124;T 100K;PULSA;1;PCS;99.200;
0119;S 10;PULSA;1;PCS;10.800;
0145;SR 100;PULSA;1;PCS;98.900;
010101000000;I 20;PULSA;1;PCS;20.600;
0120;S 10K;PULSA;1;PCS;10.800;
0116;S 25K;PULSA;1;PCS;25.525;
0157;I 100;PULSA;1;PCS;98.000;
0153;B 10;PULSA;1;PCS;11.200;
8998127923253;VUSE GO BLUEBERRY 700;ROKOK;1;PCS;60.720;
8998127922935;VUSE GO REFIL MANGGO;ROKOK;1;PCS;61.600;
0132;T 10K;PULSA;1;PCS;10.850;
8993417105524;SASHA PASTA GIGI WHITENING 150 GR;HOME CARE;1;PCS;12.200;
8993175561686;NEXTAR KRISBITE 30G ISI 5;MKN;1;PCS;8.500;
01234;PLN 20;PULSA;1;PCS;20.550;
0271;PLN 20K;PULSA;1;PCS;21.000;
0121;S 5;PULSA;1;PCS;5.700;
8998127922959;VUSE GO REFILL BLUEBERRY;ROKOK;1;PCS;61.600;