Kode Item;Nama Item;Jenis;Merek;Jumlah;Satuan;Total Harga;
8992761139018;ADES 600ML;MNM;;138;PCS;414.000;
8993190912210;AMIDIS 600ML;MNM;;129;PCS;387.000;
0281;YAKULT;MNM;;119;PCS;297.500;
089686010947;INDOMIE GORENG;MKN;;117;PCS;409.500;
8996001354124;BENG-BENG 22GR;MKN;;107;PCS;267.500;
025;AQUA GALON REFFIL;MNM;;93;PCS;2.046.000;
8991002105485;KAPAL API SPECIALMIX;MNM;;92;PCS;156.000;
089686010015;INDOMIE AYAM BAWANG;MNM;;91;PCS;318.500;
8996001414002;TORABIKA CAPPUCINO;MNM;;88;PCS;176.000;
8996006858016;TEH BOTOL 350ML;MNM;;85;PCS;382.500;
8991906101644;DJARUM COKLAT;ROKOK;;85;PCS;1.401.500;
8997235080025;NQUA MINERAL 600 ML;MNM;;83;PCS;166.000;
8997217710070;KOPI HATOBA AREN SC;MNM;;72;PCS;180.000;
8996001600269;LE MINERALE 600ML;MNM;;71;PCS;213.000;
8991102026352;CRYSTALIN 600 ML;MNM;;69;PCS;207.000;
020101;ROTI AOKA;MKN;;68;PCS;272.000;
8996001600849;NIPIS MADU 330 ML;MNM;;67;PCS;301.500;
8994171101289;LUWAK WHITE KOFFIE;MNM;;66;PCS;99.000;
8993539106003;RON 88 600ML;MNM;;63;PCS;189.000;
01234561;BANDREK MALABAR SC;MNM;;63;PCS;126.000;
0320;ROTI COY;MKN;;61;PCS;183.000;
01112211222;SNACK SUCIFOODS 2500;MKN;;61;PCS;152.500;
8992957251579;PEANUT PIE 30G;MKN;;59;PCS;206.500;
8998685111130;BOOM PERMEN;MKN;;55;PCS;110.000;
8998898101409;TOLAK ANGIN CAIR 15ML;P3K;;55;PCS;247.500;
8991002103238;GOODDAY MOCACINO;MNM;;54;PCS;81.000;
08999;KOPI SUSU GULA AREN REKANSETIA;MNM;;53;PCS;848.000;
0259;TEH TARIK HANAANG CUP;MNM;;49;PCS;343.000;
8998009010224;ULTRA FC 250ML;MNM;;49;PCS;343.000;
8993190912463;AMIDIS 330ML;MNM;;48;PCS;120.000;
8996001402023;TORABIKA SUSU;MNM;;48;PCS;72.000;
8992907230012;SARI ROTI ISI COKLAT;MKN;;47;PCS;164.500;
8992907952037;SARI ROTI ISI COKLAT KEJU;MKN;;46;PCS;184.000;
8997001990039;SIERRA MINERAL 600 ML;MNM;;46;PCS;138.000;
8996129803504;CLEO 600ML;MNM;;46;PCS;138.000;
8996001600146;TEH PUCUK HARUM 350ML;MNM;;46;PCS;230.000;
8998009010231;ULTRA COKLAT 250ML;MNM;;46;PCS;322.000;
8993207110080;CHAMP SOSIS AYAM 1;MKN;;42;PCS;63.000;
8991102026376;CRYSTALIN 330 ML;MNM;;42;PCS;84.000;
8992761166038;PULPY ORANGE 300ML;MNM;;38;PCS;228.000;
8991102794619;TANGO WAFFLE CHOCO HAZEL 25 G;MKN;;38;PCS;76.000;
8991771200329;VITACIMIN C-500MG;MKN;;37;PCS;129.500;
011121211;ROTI ADA KRIM BR;MKN;;37;PCS;280.500;
8998009010248;ULTRA STROBERI 250ML;MNM;;36;PCS;252.000;
8992982203307;NESTLE PURE LIFE 330ML;MNM;;35;PCS;70.000;
0298;SNACK BAPER;MKN;;35;PCS;87.500;
8996006856869;TEH BOTOL 330ML;MNM;;34;PCS;119.000;
8995177101112;GULAKU PUTIH 1KG;SMBK;;33;PCS;660.000;
8990800022567;MENTOS ROLL ANGGUR;MKN;;33;PCS;115.500;
8999510785540;PRISTINE 400ML;MNM;;33;PCS;132.000;
0167;PIKDA MA ACAH;MKN;;32;PCS;160.000;
9311931024036;INDOCAFE COFEEMIX 20G;MNM;;32;PCS;64.000;
8997240930070;DELQUA MINERAL 600 ML;MNM;;32;PCS;96.000;
0295;SNACK MAKARONI MABASA 30G;MKN;;31;PCS;77.500;
8998898101119;STMJ;MNM;;30;PCS;90.000;
8996001410042;TORABIKA MOKA;MNM;;30;PCS;45.000;
046;TROPICANA SC;MKN;;30;PCS;24.000;
8996001401033;TORABIKA DUO;MNM;;30;PCS;45.000;
8992388101085;NU GREEN TEA 330ML;MNM;;30;PCS;135.000;
8996001600726;LE MINERAL GALON 15L;MNM;;29;PCS;609.000;
8999909001909;MAGNUM;ROKOK;;29;PCS;754.000;
89995107885526;PRISTINE GALON REFF 19 LT;MNM;;28;PCS;644.000;
044798;MATERAI 10000;ATK;;28;PCS;336.000;
08;KIMBO SOSIS;MKN;;28;PCS;42.000;
8885013130485;AICE COFEE CRISPY;ICE CREAM;;27;PCS;108.000;
0171;YOGHURT JELLY BOTOL 10000;MNM;;27;PCS;270.000;
8992907952327;SARI ROTI SANDWICH COKLAT;MKN;;26;PCS;156.000;
8885013132083;AICE CHOCO MALT STICK;ICE CREAM;;26;PCS;65.000;
1122211122;SNACK LANGGENG;MKN;;26;PCS;572.000;
8996001440049;ENERGEN COKLAT;MNM;;25;PCS;50.000;
0188;PIRING KERTAS;HOME CARE;;25;PCS;100.000;
8997009510055;YOU C1000 ORANGE 140ML;MNM;;25;PCS;187.500;
8885013132090;AICE FRUIZZY LYCHEE;ICE CREAM;;25;PCS;50.000;
8996006142511;TEH BOTOL SOSRO 250ML;MNM;;24;PCS;72.000;
8992858527308;HYDRO COCO 250ML;MNM;;24;PCS;180.000;
8990800022543;MENTOS MINT 29G;MKN;;24;PCS;84.000;
8991102301251;TEH GELAS BERRY 350 ML;MNM;;24;PCS;96.000;
8996001308059;ROMA GANDUM SANDWICH COKLAT 39G;MKN;;24;PCS;48.000;
9555192510185;SUGUS STICK STRAWBERY 30 GR;MKN;;24;PCS;96.000;
9555192510222;SUGUS STICK ORANGE 30 GR;MKN;;24;PCS;96.000;
8991906101019;DJARUM SUPER 12;ROKOK;;24;PCS;602.000;
8998989100120;G.G FILTER 12;ROKOK;;23;PCS;621.000;
089686010527;INDOMIE KARI AYAM;MKN;;23;PCS;80.500;
8996001600221;KOPIKO 78 240ML;MNM;;23;PCS;161.000;
8992982206001;NESTLE PURE LIFE 600ML;MNM;;23;PCS;69.000;
8997001990046;SIERRA MINERAL 1500 ML;MNM;;23;PCS;115.000;
8885013130713;AICE STRAWBERY SUNDAY CUP;ICE CREAM;;22;PCS;110.000;
8992775311479;CHOCOLATOS COK 16 G;MKN;;22;PCS;33.000;
8999999593384;WALL'S CORNETTO CLASSIC BLACK & WHITE 82ML;ICE CREAM;;22;PCS;132.000;
8992907952549;SARI ROTI DORAYAKI COKLAT;MKN;;22;PCS;132.000;
8992753031894;FF SKMP 40G;MNM;;22;PCS;55.000;
8997035563414;POCARI SWEAT 500ML;MNM;;21;PCS;168.000;
8992388133017;NU MILK TEA 330ML;MNM;;21;PCS;147.000;
00;SNACK AMANDA;MKN;;21;PCS;105.000;
8997001990077;SIERRA SIGNATURE 350 ML;MNM;;21;PCS;42.000;
8997009510017;YOU C1000 LEMON 140ML;MNM;;21;PCS;157.500;
8998009040290;TEH KOTAK RASA BLACKCURRANT 200+100ML;MNM;;20;PCS;80.000;
0318;SARI TEMULAWAK;MNM;;20;PCS;100.000;
8998009040023;TEH KOTAK 200ML+100ML;MNM;;20;PCS;80.000;
8996001316047;ROMA BONITA CHOCOLATE 30G;MKN;;20;PCS;40.000;
089686910308;INDOMIE RASA EMPAL GENTONG;HOME CARE;;19;PCS;66.500;
8992907996741;SARI ROTI SANDWICH ZUPERR CHOCO;MKN;;19;PCS;104.500;
8991002115149;KAPAL API GRANDE SC;MNM;;19;PCS;28.500;
8885013132021;AICE FRUIZZY GRAPE;ICE CREAM;;19;PCS;47.500;
8993190912401;AMIDIS 1500ML;MNM;;19;PCS;133.000;
038;NICE ROOL BATHROOM TISSUE;HOME CARE;;19;PCS;66.500;
8992761166205;FRESTEA GREEN HONEY 350ML;MNM;;19;PCS;76.000;
8997204670462;5 DAYS CROISSANT CHEESE 60G;MKN;;19;PCS;123.500;
8991998111811;CAFFINO KOPI LATTE PREMIUM 30G;MNM;;19;PCS;47.500;
089686732016;CHITATO LITE SEAWEED NORI 35G;MKN;;18;PCS;99.000;
0104;SNACK GREGET;MKN;;18;PCS;162.000;
089686910704;INDOMIE GORENG RASA RENDANG;HOME CARE;;18;PCS;63.000;
875692692150;KRUPUK RDN KECIL;MKN;;18;PCS;36.000;
089686043716;INDOMIE GORENG CAKALANG;MKN;;18;PCS;63.000;
8885013130997;AICE 2 COLORS STICK;ICE CREAM;;18;PCS;54.000;
8992775001608;CHOCOLATOS SWEET CHEESE 16G;MKN;;17;PCS;25.500;
0369;KRUPUK RDN BESAR;MKN;;17;PCS;85.000;
8991002103931;GOODDAY CARREBIAN NUT;MNM;;17;PCS;25.500;
8996001355046;SUPERSTAR 18G;MKN;;17;PCS;17.000;
089686011289;INDOMIE KOCOK BANDUNG;MKN;;17;PCS;59.500;
8888327831765;MIE GAGA INDONESIA MIE GORENG;MKN;;17;PCS;59.500;
8998866610377;ISOPLUS 350ML;MNM;;17;PCS;59.500;
8992982201501;NESTLE PURE LIFE 1500ML;MNM;;17;PCS;85.000;
089686598025;CHITATO SAPI PANGGANG 35GR;MKN;;17;PCS;93.500;
8992003782354;ANTANGIN CAIR 15ML;P3K;;16;PCS;64.000;
8996001316023;ROMA BONITA KELAPA PANDAN 30 GR;MKN;;16;PCS;32.000;
02;KOREK GAS TOKAI;HOME CARE;;16;PCS;48.000;
8999898962564;UHT DIAMOND COK 200 ML;MNM;;16;PCS;80.000;
0426;KERIPIK SINGKONG ELVIKA;MKN;;16;PCS;40.000;
8885013130201;AICE MOCHI VANILA;ICE CREAM;;16;PCS;48.000;
089686590043;CHIKI BALLS 55G;MKN;;16;PCS;96.000;
8991002105423;KAPAL API 165G;MNM;;16;PCS;272.000;
8885013132144;AICE MOONG BEAN;ICE CREAM;;16;PCS;72.000;
8992957251562;LAGIE PRIX 45G;MKN;;16;PCS;192.000;
0126;T 50K;PULSA;;16;PCS;896.000;
8997240600935;OATSIDE CHOCO MALT 200ML;MNM;;16;PCS;128.000;
8993175539210;NEXTAR BROWNIES 42GR;MKN;;15;PCS;45.000;
05698;BASRENG PEDAS;MKN;;15;PCS;75.000;
8996129804228;CLEO 330ML;MKN;;15;PCS;30.000;
8994596;YOGHURT MAMAZY 250ML;MKN;;15;PCS;150.000;
8999999282196;WALL'S POPULAIRE COKLAT & VANILA;ICE CREAM;;15;PCS;82.500;
8993481215556;ROTI SHARON GARIS;MKN;;15;PCS;60.000;
8885010993595;SAAT MILD 16;ROKOK;;15;PCS;345.000;
8996006858160;FRUITTEA BLACKCURRANT 350ML;MNM;;15;PCS;67.500;
8996001301142;ROMA KELAPA 300GR;MKN;;15;PCS;150.000;
8992696525030;DANCOW COKLAT INSTANT SC;MNM;;14;PCS;63.000;
089686010343;INDOMIE SOTO;MKN;;14;PCS;49.000;
8997221811350;INKO RUMPANG 1,5 GR;MKN;;14;PCS;35.000;
8990800022550;MENTOS ROLL FRUIT 29G;MKN;;14;PCS;49.000;
8992696525054;DANCOW INSTANT SC;MNM;;14;PCS;63.000;
8996001340998;KOPIKO CANDY BLISTER;MKN;;14;PCS;42.000;
8998009050053;SARI KACANG IJO 250ML;MNM;;14;PCS;70.000;
8996001600665;COOL TIME COCONUT 350ML;MNM;;14;PCS;62.000;
8993539121501;RON 88 1500ML;MNM;;14;PCS;70.000;
8994985000006;POKKA JASMINE 450 ML;MNM;;14;PCS;84.000;
8997009510116;LEMON WATER 500ML;MNM;;14;PCS;112.000;
8991102280211;TANGO WAFFLE MOCHA LATTE 25GR;MKN;;14;PCS;28.000;
8992761122324;FRESTEA JASMINE 500ML;MNM;;13;PCS;78.000;
8998009010613;ULTRA FULL CREAM 1000ML;MNM;;13;PCS;279.000;
8992388133345;NU TEH TARIK 330 ML;MNM;;13;PCS;91.000;
036;TELOR OMEGA ISI 10;MKN;;13;PCS;377.000;
8997009510123;ORANGE WATER 500ML;MNM;;13;PCS;104.000;
8992761122430;FRESTEA GREEN HONEY 500ML;MNM;;13;PCS;78.000;
8997240601154;OATSIDE CARAMEL MACCHIATO BR 200 ML;MNM;;13;PCS;130.000;
8991102026383;CRYSTALIN 1500 ML;MNM;;13;PCS;91.000;
8992957361124;LAGIE GOLDEN CITY CHOCOLATE BALLS 50 G;MKN;;13;PCS;78.000;
8992775311981;CHOCOLATOS DARK 16G;MKN;;13;PCS;19.500;
0453;BROWNIES BUMI RASA;MKN;;12;PCS;72.000;
8997240600393;OATSIDE BARISTA BLEND MILK 200 ML;MNM;;12;PCS;120.000;
8997240600409;OATSIDE COK OAT MILK 200 ML;MNM;;12;PCS;120.000;
8994985000242;POKKA LEMON TEA 450 ML;MNM;;12;PCS;72.000;
8996006858320;FRUITEA LEMON 350ML;MNM;;12;PCS;54.000;
8991749000043;KOPI KENANGAN LATTE 200 ML;MNM;;12;PCS;96.000;
8997218380135;ICHITAN THAI GREENTEA 310 ML;MNM;;12;PCS;108.000;
8991102187367;IMPERIAL CREME BLUEBERY 27 G;MKN;;12;PCS;24.000;
056;BATERAI ABC BIRU 4S;BATERAI;;12;PCS;36.000;
8885013130706;AICE CHOCOLATE SUNDAE CUP;ICE CREAM;;12;PCS;60.000;
8996001316009;ROMA BONITA KEJU SUSU 30G;MKN;;12;PCS;24.000;
8993296201119;TERIGU SEGITIGA BIRU 1KG;HOME CARE;;12;PCS;198.000;
8998667100763;JESSCOOL;P3K;;12;PCS;30.000;
8997033170164;AICE SEMANGKA;ICE CREAM;;12;PCS;24.000;
8993189329739;CHARM NIGHT 35 CM 2P;HOME CARE;;12;PCS;48.000;
089686611618;QTELA SINGKONG BBQ 60GR;MKN;;12;PCS;78.000;
8850389108055;MOGU-MOGU STOBERI 320ML;MNM;;12;PCS;144.000;
8998989300155;G.G SIGNATURE;ROKOK;;12;PCS;300.000;
089686043419;INDOMIE RASA SOTO LAMONGAN;SMBK;;11;PCS;38.500;
8992003782859;OB HERBAL PERMEN LOZENGES;MKN;;11;PCS;27.500;
8998288014111;WONG COCO MY PUDDING 168G;MKN;;11;PAK;82.500;
8996001600641;TORA CAFE ICED CAPPUCCINO 180ML;MNM;;11;PCS;44.000;
089686041705;INDOMIE GORENG JUMBO;SMBK;;11;PCS;49.500;
8997033003165;GO NOLA YAVA CHOCO VANILA 30G;MKN;;11;PCS;88.000;
8999999587758;WALL'S PADDLE POP CHOCO MAGMA;ICE CREAM;;11;PCS;33.000;
8993118731046;BIHUNKU AYAM BAWANG 55 GR;MKN;;11;PCS;38.500;
8996001350843;SUPERSTAR SNAPS 28G;MKN;;11;PCS;22.000;
8998127921709;DUNHIL MILD 16;ROKOK;;11;PCS;330.000;
8993379500221;SUNCO 1L;SMBK;;11;PCS;253.000;
8998866202893;GOLDA COFFEE CAPPUCINO 200ML;MNM;;11;PCS;38.500;
8992957220100;LAGIE BADAK 30G;MKN;;11;PCS;33.000;
8997204670332;5 DAYS CROISSANT COKLAT 60G;MKN;;11;PCS;71.500;
8997240600454;OATSIDE COFFE OAT MILK 200 ML;MNM;;11;PCS;110.000;
8992761166243;FRESTEA NUSANTARA 350ML;MNM;;11;PCS;44.000;
711844120365;ABC SAMBAL 15G SC;MKN;;11;PCS;11.000;
8996001600610;TORA CAFE MILKY LATTE 180ML;MNM;;11;PCS;44.000;
8991115012106;BIG BABOL RASA STROBERI & KRIM 22G;MKN;;11;PCS;33.000;
8997218380074;ICHITAN THAI MILKTEA 310 ML;MNM;;11;PCS;99.000;
8998127921754;DUNHIL FILTER 12;ROKOK;;11;PCS;242.000;
8998685012000;HEXOS LEMON MINT;MKN;;11;PCS;22.000;
8991998113419;CAFFINO BOLD DARK CAPPUCINO;MNM;;10;PCS;25.000;
8994755030950;GOOD TIME DOUBLECOK 26 GR;MKN;;10;PCS;20.000;
8997221811374;INKO RUMPANG PDS 1,5 GR;MKN;;10;PCS;25.000;
8991115010102;BIG BABOL RASA TUTTI FRUTTI 23G;MKN;;10;PCS;30.000;
8993496110525;BERAS SANIA 5 KG;SMBK;;10;PCS;875.000;
8994985000266;POKKA MANGGA 450 ML;MNM;;10;PCS;60.000;
8996001354001;BENG-BENG KALPA 28G;MKN;;10;PCS;20.000;
034;TELOR OMEGA ISI 6;MKN;;10;PCS;180.000;
8992761164546;PULPY NUTRIBOOST STRAWBERRY 300ML;MNM;;10;PCS;70.000;
8997218380401;ICHITAN KOREAN STRAW 310 ML;MNM;;10;PCS;95.000;
089686043204;INDOMIE GORENG ACEH;MKN;;10;PCS;35.000;
8997014442020;ON BOLD 12;ROKOK;;10;PCS;170.000;
8998685221013;NANO-NANO MILKY COKLAT;MKN;;10;PCS;30.000;
8991003679572;KOKITA WEDANG JAHE SC;MNM;;10;PCS;15.000;
8994755030974;GOOD TIME RAINBOW 26 GR;MKN;;9;PCS;18.000;
8996001302033;ROMA CREAM CRACKERS;MKN;;9;PCS;62.500;
8992761122331;FRESTEA APPLE 500ML;MNM;;9;PCS;54.000;
8992761166212;FRESTEA APEL 350ML;MNM;;9;PCS;36.000;
8993175548014;NEXTAR STRAWBERRY 42G;MKN;;9;PCS;27.000;
8997217370311;CAMEL PURPLE MILD 12;ROKOK;;9;PCS;180.000;
8999999588090;WALL'S PADDLE POP TRICO;ICE CREAM;;9;PCS;22.500;
089686060027;POP MIE AYAM;MKN;;9;PCS;49.500;
8996001304549;SLAI O'LAI STROBERI 24G;MKN;;9;PCS;18.000;
8851932439329;FEAST POP K;ICE CREAM;;9;PCS;45.000;
8992741995726;SIMBA CHOCO CHIP 55G;MKN;;9;PCS;90.000;
01211001;KRIPIK KENTANG YAMMI;MKN;;9;PCS;198.000;
8992761002022;SPRITE 390ML;MNM;;9;PCS;49.500;
8993004785160;SMAX RING CHEESE 40G;MKN;;9;PCS;45.000;
8992775002582;DILAN CRUNCHY CARAMEL 24G;MKN;;9;PCS;22.500;
8994171102101;LUWAK WHITE KOFFIE 240ML;MNM;;8;PCS;52.000;
8993539105006;RON 88 380ML;MNM;;8;PCS;16.000;
8997032680299;TARO POTATO BBQ 65GR;MKN;;8;PCS;68.000;
8991998117585;CAFFINO MILKY ESPRESSO BTL 200ML;MNM;;8;PCS;56.000;
8997235080032;NQUA GALON 19 L;MNM;;8;PCS;120.000;
8993058108502;SLASI SC;MNM;;8;PCS;20.000;
8999999598044;WALL'S COOKIES & CREAM 57ML;MKN;;8;PCS;40.000;
8992907710019;SARI ROTI SOBEK COKLAT;MKN;;8;PCS;144.000;
8992826112215;KUNCI MAS 2L;SMBK;;8;PCS;332.000;
089686060744;POP MIE GORENG SPESIAL 80G;MKN;;8;PCS;44.000;
8997220410011;KIN YOGURT ORIGINAL 200ML;MNM;;8;PCS;60.000;
8992003786741;KOJIMA PERMEN;MKN;;8;PCS;24.000;
8886015414061;NYAM-NYAM BUBLE PUFF 18G;MKN;;8;PCS;32.000;
8992907780012;SARI ROTI KASUR KEJU;MKN;;8;PCS;104.000;
8885013130058;AICE CHOCOLATE CRISPY STICK 60 GR;ICE CREAM;;8;PCS;40.000;
749921011619;NUTRISARI BELIMBING SC;MNM;;8;PCS;12.000;
8992918401500;HONEY LEMON 330ML;MNM;;8;PCS;56.000;
0108;PLN 200K;PULSA;;8;PCS;1.680.000;
8993996241279;JAZY MAX 12;ROKOK;;8;PCS;144.000;
8991115011109;BIG BABOL BLUEBERRY;MKN;;8;PCS;24.000;
8992761111687;AW SARSAPARILA 250 ML;MNM;;8;PCS;56.000;
8992826112093;KUNCI MAS 900ML;SMBK;;8;PCS;168.000;
711844162419;ABC SARI KACANG HIJAU 250ML;MNM;;8;PCS;40.000;
089686060362;POP MIE RASA SOTO AYAM JUMBO;HOME CARE;;8;PCS;44.000;
8991749000005;KOPI KENANGAN INDONESIANO 200 ML;MNM;;8;PCS;64.000;
8997014442761;ON JASMINE KRETEK 12;ROKOK;;8;PCS;88.000;
0118;S 20K;PULSA;;8;PCS;192.000;
8997014442082;ROKOK N30 MILD 16;ROKOK;;8;PCS;176.000;
8992761145019;COCA-COLA 250ML;MNM;;7;PCS;24.500;
8991102469258;IMPERIAL CREME RASPBERRY 27GR;MKN;;7;PCS;14.000;
8995227500124;KAKI TIGA 200ML;MNM;;7;PCS;28.000;
8993058304201;BEJO JAHE MERAH 15ML;MKN;;7;PCS;28.000;
8999999589189;SUNLIGHT 650ML;HOME CARE;;7;PCS;119.000;
8998009010262;ULTRA MILK LFHC PLAIN 250ML;MNM;;7;PCS;52.500;
8991001111883;CHUNKY BAR CASHEW 33G;MKN;;7;PCS;70.000;
8935001723769;CHUPA CHUP LOLIPOP;MKN;;7;PCS;17.500;
089686060126;POP MIE BASO;MKN;;7;PCS;38.500;
8995227500582;CAP PANDA GRASS JELLY 310ML;MNM;;7;PCS;49.000;
8996129800640;CLEO 1500ML;MNM;;7;PCS;35.000;
8992918401111;JUS MADU 200ML;MNM;;7;PCS;45.500;
8993053121407;PASEO 250;HOME CARE;;7;PCS;87.500;
8997220410516;KIN YOGURT BLACK 200 ML;MNM;;7;PCS;52.500;
8992907953270;SARI ROTI TAWAR SPESIAL JUMBO;MKN;;7;PCS;126.000;
8993190912456;AMIDIS BOTOL 220 ML;MNM;;7;PCS;14.000;
8997014443010;ON LINE PINEAPPLE 16;ROKOK;;7;PCS;168.000;
8996001302248;ROMA SARI GANDUM 149G;MKN;;7;PCS;52.500;
089686060461;POP MIE KARI AYAM;MKN;;7;PCS;38.500;
8997220410974;KIN YOGURT MANGGA 200 ML;MNM;;7;PCS;52.500;
0103;SNACK SUCI FOODS KRIPIK PISANG;MKN;;7;PCS;126.000;
8998989501125;G.G MERAH KRETEK 12;ROKOK;;7;PCS;112.000;
8995227500261;KAKI TIGA 500ML;MNM;;6;PCS;51.000;
8998685177013;NANO-NANO MILKY VANILA;MKN;;6;PCS;18.000;
8996001302637;ROMA MALKIST COKLAT 120G;MKN;;6;PCS;43.000;
8995227500599;CAP PANDA SARANG BURUNG 310ML;MNM;;6;PCS;42.000;
8991906101859;DJARUM SUPER ESPRESO 12;ROKOK;;6;PCS;108.000;
8992907720018;SARI ROTI SOBEK COKLAT KEJU;MKN;;6;PCS;108.000;
8991905101096;ROKOK BROWN COFFEE 12;ROKOK;;6;PCS;96.000;
8888826019589;GILLETE BLUE II 1;HOME CARE;;6;PCS;51.000;
8996001302323;ROMA MALKIST ABON;MKN;;6;PCS;48.000;
8999898962533;UHT DIAMOND FC 1000 ML;MNM;;6;PCS;132.000;
8992828831527;LASERIN SYRUP 30ML;P3K;;6;PCS;45.000;
8995108500052;KUACI REBO MILK FLAVOR 150G;MKN;;6;PCS;93.000;
8992761002060;COCA COLA ZERO 390 ML;MNM;;6;PCS;33.000;
8992933213119;NUTRIJELL LECI 15G;SMBK;;6;PCS;36.000;
089686043433;INDOMIE GORENG AYAM GEPREK;SMBK;;6;PCS;21.000;
8998685011003;HEXOS;MKN;;6;PCS;12.000;
8996001305553;ROMA ARDEN YOGURT STRAWBERRY 30GR;MKN;;6;PCS;15.000;
8993175535878;NABATI WAFER CHEESE 50G;MKN;;6;PCS;18.000;
749921040213;WRP COOKIES CHOCOLATE 30G;MKN;;6;PCS;48.000;
8993175533836;NABATI CHOCOLATE WAFER 75G;MKN;;6;PCS;33.000;
8999999294021;WALL'S FEAST VANILA;ICE CREAM;;6;PCS;39.000;
0896867700494;CLUB 1500ML;MNM;;6;PCS;30.000;
8992775211410;GARUDA PILUS RASA PEDAS 95G;MKN;;6;PCS;36.000;
8995227500230;CAP KAKI TIGA RASA ANGGUR 320ML;MNM;;6;PCS;42.000;
8993379500238;SUNCO 2L;SMBK;;6;PCS;264.000;
089686010107;INDOMIE RASA KALDU AYAM;SMBK;;6;PCS;18.000;
089686043679;INDOMIE RAWON PEDAS;MKN;;6;PCS;21.000;
8997218380340;ICHITAN KOREAN BANANA 310 ML;MNM;;6;PCS;57.000;
8997009781585;HYDRO VIT-D 330ML;MNM;;6;PCS;72.000;
711844160071;ABC GUAVA JUICE 250ML;MNM;;6;PCS;51.000;
8991998117684;CAFFINO CAPPUCINO BTL 200ML;MNM;;6;PCS;42.000;
749921031181;HILO CHOCOLATE MINT SC 14GR;MNM;;6;PCS;12.000;
8993058305208;KOMIX HERBAL ORIGINAL 15ML;P3K;;6;PCS;15.000;
011111;KOPI AREN BOTOL BR;MNM;;6;PCS;60.000;
8994947000242;ITO EN OI OCHA 300 ML;MNM;;6;PCS;42.000;
8998866200844;MIE SEDAAP CUP KARI SPESIAL;MKN;;6;PCS;33.000;
8997220410028;KIN YOGURT STRAWBERRY 200ML;MNM;;6;PCS;45.000;
8998009010620;ULTRA COKELAT 1000ML;MNM;;6;PCS;129.000;
8992761166052;FRESTEA JASMINE 350ML;MNM;;6;PCS;24.000;
8992761145026;SPRITE 250ML;MNM;;6;PCS;21.000;
8997204670349;5 DAYS CROISSANT ANEKA BERRY 60G;MKN;;6;PCS;39.000;
8993118731077;BIHUNKU SOTO 60GR;MKN;;5;PCS;17.500;
8992804119816;PRONAS CORNED BEEF 198G;SMBK;;5;PCS;130.000;
8992775204009;GARUDA KACANG ATOM 130G;MKN;;5;PCS;50.000;
8995108509901;KUACI REBO COCONUT 140GR;MKN;;5;PCS;77.500;
089686018011;SARIMI ISI 2 BASO SAPI 115G;MKN;;5;PCS;20.000;
8999999706081;PEPSODENT 75G;HOME CARE;;5;PCS;35.000;
8998866200929;MIE SEDAAP BAKSO SPESIAL 77G;SMBK;;5;PCS;17.500;
8997026200359;BERAS RAJA ULTIMA 5 KG;SMBK;;5;PCS;450.000;
8992802064026;ZEE VANILA TWIST 40G;MNM;;5;PCS;20.000;
8992858665000;PROMAG / STRIP;P3K;;5;PCS;45.000;
8992775212110;GARUDA KACANG TELUR 100G;MKN;;5;PCS;50.000;
8999999595647;WALL'S MAGNUM MATCHA CRUMBLE 80 ML;ICE CREAM;;5;PCS;100.000;
8996196002954;PIATTOS RASA RUMPUT LAUT 75G;MKN;;5;PCS;50.000;
8992112025021;DECOLGEN;P3K;;5;PCS;15.000;
8992717900440;NATAKU MANGGA 250 ML;MNM;;5;PCS;35.000;
8993118731022;BIHUNKU GORENG 60 GR;MKN;;5;PCS;17.500;
8999988778822;LASEGAR STRAWBERY 320 ML;MNM;;5;PCS;35.000;
8999999593377;WALL'S CORNETTO STRAWBERRY VANILA;ICE CREAM;;5;PCS;30.000;
8997240600997;OATSIDE COFEE MOCCA BR 200 ML;MNM;;5;PCS;50.000;
8999999294038;WALL'S FEAST COKELAT;ICE CREAM;;5;PCS;32.500;
0205;SNACK SUCI FOODS KACANG BALA-BALA;MKN;;5;PCS;90.000;
8997217370854;CAMEL PURPLE MILD 16;ROKOK;;5;PCS;125.000;
8998866203531;ISO PLUS  COCO 350ML;MNM;;5;PCS;17.500;
8992936115021;TONG TJI JASMINE 25;SMBK;;5;PCS;60.000;
8998866202930;MIE SEDAAP AYAM CUP JERIT;MKN;;5;PCS;27.500;
8996001350829;ROMA WAFELLO WAFER COKLAT 48G;MKN;;5;PCS;10.000;
8999988778839;LASEGAR MELON 320 ML;MNM;;5;PCS;35.000;
8999999571535;MOLTO PEWANGI PINK 780ML;HOME CARE;;5;PCS;90.000;
8992003783399;ANTANGIN CAIR GINGER MINT;P3K;;5;PCS;20.000;
8996196000950;PIATTOS SAPI PANGGANG 75G;MKN;;5;PCS;50.000;
8993365135031;MADU TJ MURNI 500G;MNM;;5;PCS;325.000;
8999988888828;LARUTAN CAP BADAK STRAW 320ML;MNM;;5;PCS;37.500;
8992388101023;NU GREEN TEA HONEY 500ML;MNM;;5;PCS;30.000;
8997032680275;TARO SEAWEED 62 GR;MKN;;5;PCS;50.000;
8998898280401;TOLAK ANGIN FLU;P3K;;5;PCS;22.500;
8999988888972;LARUTAN CAP BADAK 500ML;MNM;;5;PCS;45.000;
8999988888989;LARUTAN CAP BADAK 200ML;MNM;;5;PCS;20.000;
0106;PLN 100K;PULSA;;5;PCS;530.000;
8991002115057;KAPAL API KRIM KAFE 500 GR;MNM;;5;PCS;240.000;
8992907952334;SARI ROTI SANDWICH KRIM KEJU;MKN;;5;PCS;30.000;
8992727001076;LAURIER PANTYLINER NON PARFUMED 20;HOME CARE;;5;PCS;32.500;
8993175538541;NEXTAR PINEAPPLE 42G;MKN;;5;PCS;15.000;
8997218380142;ICHITAN MANGO COCONUT 310ML;MNM;;5;PCS;45.000;
8992775211434;GARUDA PILUS RASA SAPI PANGGANG 95G;MKN;;4;PCS;24.000;
8996001307694;ROMA MARIE GOLD 120GR;MKN;;4;PCS;42.000;
0160;I 50K;PULSA;;4;PCS;224.000;
072;KRIPING SINGKONG AB/BAL;MKN;;4;PCS;710.000;
8998866200837;MIE SEDAAP CUP SOTO;MKN;;4;PCS;22.000;
8996006858108;FRUITEA STRAWBERRY 350ML;MNM;;4;PCS;18.000;
8992718853813;CUP NOODLE RASA KALDU AYAM;MKN;;4;PCS;30.000;
8992761002039;FANTA 390ML;MNM;;4;PCS;22.000;
8995154802438;KARTIKA CHOCOLATE STICK MARCHIES 25G;MKN;;4;PCS;10.000;
8993189230103;CHARM SAFE NIGHT 29CM 9 PADS;HOME CARE;;4;PCS;44.000;
749921050144;L-MEN BAR CRUNCHY CHOCOLATE 22G;MKN;;4;PCS;42.000;
8993175538824;SIIP CHEESE 50G;MKN;;4;PCS;20.000;
8991102800020;KIRANTI DATANG BULAN RASA ORIGINAL;MNM;;4;PCS;30.000;
8999999047207;WALL'S PADDLE POP RAINBOW POWER;ICE CREAM;;4;PCS;14.000;
8992775004289;GARUDA ROSTA JAGUNG MANIS 100G;MKN;;4;PCS;40.000;
8996001304990;ROMA SARI GANDUM SANDWICH SUSU&COKLAT 115;MKN;;4;PCS;30.000;
8992726826762;INACO JELLY DRINK STRAW 135 GR;MKN;;4;PCS;20.000;
8885013131970;AICE GOALL STICK;ICE CREAM;;4;PCS;16.000;
8999988778860;LASEGAR LECI 320 ML;MNM;;4;PCS;28.000;
8998288016627;WONG COCO MY JELLY 70G;MKN;;4;PCS;10.000;
8994907001302;ABC SAMBAL TERASI 18 GR SC;MKN;;4;PCS;6.000;
8996001313619;CHOKI-CHOKI STIK 38G;MKN;;4;PCS;10.000;
8998866200301;MIE SEDAAP GORENG;MKN;;4;PCS;14.000;
8999988778846;LASEGAR JAMBU 320 ML;MNM;;4;PCS;28.000;
8992726826755;INAKO JELLY DRINK MANGGA 135 GR;MKN;;4;PCS;20.000;
8992933245110;NUTRIJELL RASA KURMA 15G;MKN;;4;PCS;24.000;
8993189270277;CHARM EXTRA MAXI SC;HOME CARE;;4;PCS;4.000;
8992775311325;GERY SNACK SEREAL COKLAT 100G;MKN;;4;PCS;34.000;
711844167001;ABC SARI KEDELAI SOYA 200ML;MNM;;4;PCS;20.000;
749921011145;NUTRISARI JERUK MADU 200ML;MNM;;4;PCS;32.000;
8999168211606;JUARA JAMBU 12;ROKOK;;4;PCS;64.000;
8999988906140;LASEGAR TWIST JERUKLEMON 320 ML;MNM;;4;PCS;28.000;
8997218380159;ICHITAN BROWN 310ML;MNM;;4;PCS;36.000;
8992759170580;TISU JOLLY 250S;HOME CARE;;4;PCS;32.000;
8992003786840;ANTANGIN CAIR HABBATUSAUDA;P3K;;4;PCS;16.000;
8992775203422;GARUDA KACANG ROSTA RASA BAWANG 100G;MKN;;4;PCS;40.000;
749921010711;NUTRISARI JERUK PERAS 14G;MNM;;4;PCS;6.000;
0194;PASEO 50S;HOME CARE;;4;PCS;12.000;
8995227500278;CAP KAKI TIGA LECI 320ML;MNM;;4;PCS;28.000;
8992775001042;GARUDA PILUS MIE GORENG 95G;MKN;;4;PCS;24.000;
9556156003354;YEOS CHRYSANTHEMUM 300ML;MNM;;4;PCS;28.000;
8993539142407;MINRAL CUP 220ML;MNM;;4;PCS;94.000;
8886015203115;GOOD TIME DOUBLE CHOC 72G;MKN;;4;PCS;34.000;
4902430563888;PANTENE SHAMPO BLACK SC;HOME CARE;;4;PCS;22.000;
8991001111289;SILVERQUEEN 33G;MNM;;4;PCS;35.500;
8992775001073;CHOCOLATOS DRINK 200ML;MNM;;4;PCS;28.000;
8719200170995;BLUE BAND 200G;SMBK;;4;PCS;56.000;
8997221811114;INKO GIM SNACK MADU 6G;MKN;;4;PCS;30.000;
8996001302026;ROMA MALKIST CRACKERS;MKN;;4;PCS;30.000;
8993004788840;MR POTATO ORI 35 GR;MKN;;4;PCS;34.000;
8997204670547;5 DAYS CROISSANT PANDAN 60 G;MKN;;4;PCS;26.000;
8999168211644;JUARA MANGGA 12;ROKOK;;4;PCS;62.000;
8999988906126;LASEGAR TWIST LEMON 320 ML;MNM;;4;PCS;28.000;
8995227500247;CAP KAKI TIGA GUAVA 320ML;MNM;;4;PCS;28.000;
8992775203453;GARUDA ROSTA RASA PEDAS 95G;MKN;;4;PCS;40.000;
8991001503213;MALTITOS CRUNCH 45G;MKN;;4;PCS;34.000;
8998898812206;TOLAK ANGIN BATUK + MADU;P3K;;4;PCS;18.000;
8992907996413;SARI ROTI SOBEK DUO COK KEJ;MKN;;4;PCS;42.000;
89981108;LUCKY STRIKE WHITE FILTER 20;ROKOK;;4;PCS;120.000;
8997168212135;JUARA TEH MANIS 12;ROKOK;;4;PCS;64.000;
8993175535885;NABATI CHOCOLATE WAFER 50G;MKN;;4;PCS;12.000;
8992957246346;ALPINE BITTER SWEET 60G;MKN;;3;PCS;34.000;
8998866200578;MIE SEDAAP KARI SPESIAL;MKN;;3;PCS;10.500;
8993365132535;MADU TJ MURNI 250ML;P3K;;3;PCS;99.000;
8994286130570;DANDANG TEH CELUP ISI 25;MNM;;3;PCS;28.500;
8997021870014;FRESH CARE CITRUS 10ML;P3K;;3;PCS;48.000;
8998866610742;NUVO FAMILY PINK 76G;HOME CARE;;3;PCS;10.500;
8999999558079;RINSO MOLTO SC / 6;HOME CARE;;3;PCS;18.000;
8992907996772;SARI ROTI DORAYAKI STRAWBERRY;MKN;;3;PCS;18.000;
8999999016128;RINSO MOLTO ROSE 510+190 ML;HOME CARE;;3;PCS;81.000;
8992775315095;GERY SALUT MALKIST SWEET CHEESE;MKN;;3;PCS;21.000;
8993004788147;SMAX BALLS CHEESE 70G;MKN;;3;PCS;18.000;
8995227500292;CAP KAKI TIGA RASA MELON 320ML;MNM;;3;PCS;21.000;
8999988778877;LASEGAR JERUK NIPIS 320 ML;MNM;;3;PCS;21.000;
8999988888842;LARUTAN CAP BADAK GUAVA 320ML;MNM;;3;PCS;22.500;
8992957246445;ALPINE RAISIN MILK CHOCOLATE;MKN;;3;PCS;36.000;
8991102301275;TEH GELAS ORANGE 500 ML;MNM;;3;PCS;18.000;
8995227500377;CAP PANDA LIANG TEA 310ML;MNM;;3;PCS;21.000;
0116;S 25K;PULSA;;3;PCS;87.000;
8992003783337;ANTANGIN PERMEN HONEY MINT 5;MKN;;3;PCS;7.500;
8998866618304;DAIA HIJAB 850G;HOME CARE;;3;PCS;60.000;
8995858999991;MIXAGRIP FLU;P3K;;3;PCS;9.000;
8999999195649;SARIWANGI 25;SMBK;;3;PCS;19.500;
8997014442808;ON LINE FRESHGRAPE 16;ROKOK;;3;PCS;72.000;
8994557315163;MAGNUM MAX 12;ROKOK;;3;PCS;54.000;
8993539322922;PERFECT 500ML;MNM;;3;PCS;16.500;
8998009080500;KRAFT CHEEDAR 165G;MKN;;3;PCS;84.000;
8997233910140;BERAS REZEKI 5KG;SMBK;;3;PCS;260.000;
8992775005996;GARUDA SKIPPY 45 GR;MKN;;3;PCS;24.000;
8994985000273;POKKA LYCHEE 450 ML;MNM;;3;PCS;18.000;
8993175550932;NEXTAR NOIR RICHOCO 133 GR;MKN;;3;PCS;25.500;
8994755020357;NYAM-NYAM CHOCO BANANA 25G;MKN;;3;PCS;12.000;
8995227502814;CAP PANDA CINCAU SELASIH 310ML;MNM;;3;PCS;21.000;
8992907996321;SARI ROTI KASUR KLASIK;MKN;;3;PCS;33.000;
0114;S 50K;PULSA;;3;PCS;168.000;
8994907002118;ABC SOYA MILK STRAWBERRY 200ML;MNM;;3;PCS;16.500;
089686648003;PROMINA BABY BOX CRUNCHIES KEJU 20 GR;MKN;;3;PCS;33.000;
8998898335408;TOLAK LINU HERBAL;P3K;;3;PCS;12.000;
8999909012936;MAGNUM KRETEK 12;ROKOK;;3;PCS;54.000;
8999999603472;ROYCO AYAM SC / 10;MKN;;3;PCS;10.500;
8992726826748;INAKO JELLY DRINK BLACKCURANT 135 GR;MKN;;3;PCS;15.000;
9556156033597;YEOS LYCHE 300 ML;MNM;;3;PCS;21.000;
749921030016;HILO SCHOOL UHT VANILA 200ML;MNM;;3;PCS;27.000;
8999999037765;PEPSODENT 225 GR;HOME CARE;;3;PCS;60.000;
8997217370373;CAMEL MILD BIRU 16;ROKOK;;3;PCS;69.000;
8992775001783;GERY SALUT MALKIST CHOCOLATE COCONUT;MKN;;3;PCS;21.000;
8999999529703;CLEAR SHP COOL SPORT MENTHOL 70ML;HOME CARE;;3;PCS;52.500;
8993053435511;LIVI EVO TISUE MAKAN 150 S;HOME CARE;;3;PCS;30.000;
013256110515;TG SALTED PEANUTS 40 GR;MKN;;3;PCS;24.000;
8886057883665;KRATINGDAENG 150ML;MNM;;3;PCS;21.000;
7622300442507;OREO ICE CREAM 133G;MKN;;3;PCS;27.000;
1107928109200;LAMOR PARFUME SPRAY 30ML;KSMTK;;3;PCS;75.000;
8997001990022;SIERRA 220 ML CUP / DUS;MNM;;3;DUS;72.000;
8998685161005;KONIDIN MINT LOZENGES;MKN;;3;PCS;10.500;
089686048704;SARIMI ISI 2 GORENG AYAM KECAP;MKN;;3;PCS;13.500;
711844110113;ABC KECAP 135ML;SMBK;;3;PCS;30.000;
8993047311111;MI TELOR CAP 2 TELOR;MKN;;3;PCS;18.000;
749921011664;NS WEDANG SEREH JAHE SC;MNM;;3;PCS;7.500;
8886022971298;ALKALINE AA ISI 2;BATERAI;;3;PAK;45.000;
8992761147143;SPRITE WATERLYMON 250ML;MNM;;3;PCS;16.500;
8998685160008;KONIDIN STRONG MINT 15G;MKN;;3;PCS;10.500;
8992775005743;DILAN CHOCO BAR MAX 24G;MKN;;3;PCS;15.000;
8993175539517;NABATI WAFER WHITE 50G;MKN;;3;PCS;9.000;
8995102708089;MAMA SUKA RASA SAPI PANGGANG 5G;MKN;;3;PCS;42.000;
8995102708027;MAMA SUKA RUMPUT LAUT PANGGANG 9G;MKN;;3;PCS;42.000;
8993176110081;MKP LANG 30ML;P3K;;3;PCS;36.000;
8999999048488;SUNSILK HIJAB BTL 70ML;KSMTK;;3;PCS;45.000;
8999999596873;WALL'S SWEET CORN 98ML;ICE CREAM;;3;PCS;12.000;
8994504102327;HELLO PANDA STRAWBERRY 45G;MKN;;3;PCS;25.500;
749921031228;HILO DRINK CHOCO MALT SC;MNM;;3;PCS;6.000;
089686400854;INDOFOOD SAMBAL EXTRA PEDAS 275ML;SMBK;;3;PCS;39.000;
8995102708171;MAMA SUKA SUMPUT LAUT RASA PEDAS 9G;MKN;;3;PCS;42.000;
8991102301282;TEH GELAS GRASS JELLY 500 ML;MNM;;3;PCS;18.000;
8991001121455;SILVERQUEEN FRUIT&NUT 68G;MKN;;2;PCS;37.000;
8999999520151;S.G PEPSODENT TB FAMILY SOFT;HOME CARE;;2;PCS;5.000;
8992736111407;SASA SAMBAL EXTRA PEDAS 135 ML;SMBK;;2;PCS;17.000;
8851019510514;PRETZ ORIGINAL 31GR;MKN;;2;PCS;15.000;
8999918999365;BOGABIS GABIN ARMY KELAPA 125G;MKN;;2;PCS;13.000;
50819515;FISHERMANS ORIGINAL 25G;MKN;;2;PCS;44.000;
8995227500254;CAP KAKI TIGA STRAWBERRY 320ML;MNM;;2;PCS;14.000;
8994755030240;GOOD TIME COFFEE 72G;MKN;;2;PCS;17.000;
8992775000779;GERY KREKERS BERAS ISI 10;MKN;;2;PCS;26.000;
749921006110;NUTRISARI FLORIDA ORANGE;MNM;;2;PCS;3.000;
0222111;PILUS MINI/BAL;MKN;;2;PCS;200.000;
8995108509864;KUACI REBO SALTED CARAMEL 150G;MKN;;2;PCS;31.000;
8998866609722;NUVO CAIR MILD PROTECT BLUE 400ML;HOME CARE;;2;PCS;44.000;
8998866105156;MAMA LEMON 680 ML;HOME CARE;;2;PCS;22.000;
711844330108;ABC SARDEN CABAI  155G;SMBK;;2;PCS;26.000;
8999999036607;LUX SOFT ROSE 80G;HOME CARE;;2;PCS;9.000;
8995102708119;MAMA SUKA RUMPUT LAUT RASA TELUR ASIN 9G;MKN;;2;PCS;28.000;
8997009781110;HYDRO COCO 500ML;MNM;;2;PCS;28.000;
8993175537346;NABATI CHOCOLATE WAFER 127GR;MKN;;2;PCS;18.000;
8999999036638;LUX TS VELVET JAMINE 80G;HOME CARE;;2;PCS;10.000;
711844330146;ABC SARDEN EKSTRA PEDAS 155G;SMBK;;2;PCS;24.000;
8997014021867;LEMONILO CHIMI JAGUNG BALADO 40G;MKN;;2;PCS;18.000;
8999999603489;ROYCO SAPI SC / 10;MKN;;2;PCS;7.000;
8997014050010;ULTRAFLU;P3K;;2;PCS;7.000;
8999999515607;LIFEBUOY REF BIRU 825 ML;HOME CARE;;2;PCS;84.000;
096;GAS ELPIJI 12 KG;HOME CARE;;2;PCS;460.000;
0112;S 100K;PULSA;;2;PCS;216.000;
8991234;KURMA AL QHASIM 500 GR;MKN;;2;PCS;50.000;
8991038110354;KAPAS SELECTION;HOME CARE;;2;PCS;13.000;
8993175550918;NEXTAR NOIR CREAM 133 GR;MKN;;2;PCS;17.000;
8991001121400;SILVERQUEEN ALMOND 68G;MKN;;2;PCS;34.000;
8995154802278;SOES KERING KARTIKA TOAST CHOCO 51G;MKN;;2;PCS;25.000;
4987072046364;KOOL FEVER SC;P3K;;2;PCS;10.000;
8992775110126;GARUDA KACANG KULIT 200G;MKN;;2;PCS;40.000;
9556156003385;YEOS GRASS JELLY DRINK 300ML;MNM;;2;PCS;14.000;
8997021870151;FRESH CARE STRONG 10ML;P3K;;2;PCS;32.000;
8996006858085;FRUITEA APEL 350ML;MNM;;2;PCS;9.000;
8992820114260;PRONAS SARDEN TOMAT 425G;SMBK;;2;PCS;52.000;
8991102020152;S.G FORMULA DOUBLE;KSMTK;;2;PCS;7.000;
7622300270919;KRAFT QUICKMELT MOZZA 165G;MKN;;2;PCS;66.000;
8998866608725;DAIA PINK 850G;HOME CARE;;2;PCS;40.000;
8996196005757;PIATTOS BBQ BRAZIL 78 GR;MKN;;2;PCS;20.000;
8992775717011;CLEVO UHT STRAWBERRY 125ML;MNM;;2;PCS;7.000;
8992775002896;GARUDA POTATO BBQ 50GR;MKN;;2;PCS;21.000;
8992959508305;SWEETY SILVER PANTS L1;HOME CARE;;2;PCS;6.000;
8993018702795;KATOM IKAN DORANG 140G;MKN;;2;PCS;18.000;
8999988906133;LASEGAR TWIST LYCHEELEMON 320 ML;MNM;;2;PCS;14.000;
8991002504967;IYES ROLL STRAW 40 GR;MKN;;2;PCS;5.000;
8994573001323;SANGOBION 4 TABLET;P3K;;2;PCS;16.000;
000123456;LA FONTE MAKARONI 500 GR;MKN;;2;PCS;40.000;
8993058306700;KOMIX HERBAL RASA JAHE 15ML;P3K;;2;PCS;5.000;
8886022941512;ALKALINE AAA ISI 2;BATERAI;;2;PAK;28.000;
8997221811138;INKO GIM SNACK UDANG 6G;MKN;;2;PCS;15.000;
8992727002561;BIORE BOTOL 100ML;HOME CARE;;2;PCS;26.000;
8992772586016;ADEM SARI CHINKU 320ML;MNM;;2;PCS;16.000;
9311931029017;INDOCAFE CAPPUCCINO;MNM;;2;PCS;5.000;
89912345;SNACK MIE YOI BAPER POLL;MNM;;2;PCS;16.000;
8997235180190;CLEO GALON 12,8 L;MNM;;2;PCS;38.000;
8992775210222;GARUDA KACANG ATOM PEDAS 100G;MKN;;2;PCS;18.000;
8998288220017;WONG COCO PERISA COCOPANDAN 120G;MNM;;2;PCS;10.000;
8996006000002;FRUITTEA COCOPANDAN 350 ML;MNM;;2;PCS;9.000;
8994755030998;GOOD TIME CHOCO DIP 72GR;MKN;;2;PCS;18.000;
8998288220390;WONGCOCO SKMMILGEN 235 GR CUP;MNM;;2;PCS;10.000;
711844110144;ABC KECAP REFF 225ML;SMBK;;2;PCS;17.000;
8994504102310;HELLO PANDA CHOCOLATE 45G;MKN;;2;PCS;17.000;
8996196005559;PIATTOS KEJU PEDAS 75 G;MKN;;2;PCS;20.000;
0101213;JAS HUJAN PONCO GUNUNG LAWU;MKN;;2;PCS;20.000;
8998898336405;TOLAK ANGIN SUGAR FREE 15 ML;MKN;;2;PCS;10.000;
8993189270734;CHARM SAFE NIGHT 42CM 4 PADS;HOME CARE;;2;PCS;27.000;
8997007150338;BERAS MERAH ORGANIK MENTARIKU 1KG;SMBK;;2;PCS;77.000;
8991102384841;TANGO COKLAT 130G;MKN;;2;PCS;17.000;
8992775315057;GERY SALUT MALKIST CHOCOLATE;MKN;;2;PCS;14.000;
8995108509567;KUACI REBO MILK FLAVOR 70G;MKN;;2;PCS;18.000;
8991188943536;SASA SANTAN KELAPA 65 ML;SMBK;;2;PCS;7.000;
749921006868;HILO TEEN 200ML RASA CHOCOLATE;MNM;;2;PCS;18.000;
00222222;KOPI CINCAU BTL;MNM;;2;PCS;20.000;
8999988778815;LASEGAR JERUK 320 ML;MNM;;2;PCS;14.000;
8992957220087;LAGIE SINGA 25G;MKN;;2;PCS;6.000;
8998866105149;MAMA LEMON 450ML;HOME CARE;;2;PCS;17.000;
8992775005774;CLEVO UHT COK 190 ML;MNM;;2;PCS;10.000;
8993172000607;SIMBA CHOCO STRAW BAG;MKN;;2;PCS;20.000;
8993883750839;ROKOK CLIMAX MANGO 12;ROKOK;;2;PCS;56.000;
8993207120072;CHAMP SOSIS SAPI 1;MKN;;2;PCS;3.000;
089686017076;SARIMI AYAM BAWANG 75 G;MKN;;2;PCS;7.000;
649626011016;KOKITA BUMBU NASI GORENG PEDAS 60GR;MKN;;2;PCS;17.000;
8850389108062;MOGU-MAGU LECI 320ML;MNM;;2;PCS;24.000;
8997013070491;PILKITA SIRUP SC 15 ML;P3K;;2;PCS;6.000;
8998866203920;MILKU ORI 200 ML;MNM;;2;PCS;7.000;
8993200663828;CIMORY YOGHURT UHT STRAW 200 ML;MNM;;2;PCS;10.000;
8993172902499;SIMBA CHOCO CHIP CUP PLAIN MILK 17G;MKN;;2;PCS;17.000;
8993560026011;DETTOL BODY WASH FRESH 250ML;HOME CARE;;2;PCS;43.000;
0271;PLN 20K;PULSA;;2;PCS;48.000;
8993189270680;CHARM NIGHT 29CM 2P;HOME CARE;;2;PCS;6.000;
8999777026370;HANSAPLAST SC;P3K;;2;PCS;1.000;
089686040128;INDOMIE TAKOYAKI;MKN;;2;PCS;13.000;
8992832601628;CASABLANCA DEO MEN BLC 50ML;KSMTK;;2;PCS;32.000;
8993172995460;SIMBA CHOCO CHIP CUP CHOCOLATE MILK 17G;MKN;;2;PCS;17.000;
8851932343831;WALL'S PADDLE POP BANANA BOAT;ICE CREAM;;2;PCS;10.000;
8993539322793;RON CUP 240ML/DUS;MNM;;2;DUS;56.000;
8996001375372;CHOKI PASTA 10G;MKN;;2;PCS;2.000;
8994504122332;HELLO PANDA COOKIES & CREAM 45G;MKN;;2;PCS;17.000;
089686040098;INDOMIE TORIMISO;MKN;;2;PCS;13.000;
8991102987639;TANGO VANILLA 130GR;MKN;;2;PCS;17.000;
8999999710880;PEPSODENT HERBAL 75G;HOME CARE;;2;PCS;19.000;
0132;T 10K;PULSA;;2;PCS;26.000;
8992826211017;FILMA MARGARIN 200G;SMBK;;2;PCS;16.000;
8992695100207;PANADOL BIRU 10 TABLET;P3K;;2;PCS;24.000;
000035545620;KECAP MANIS 135 ML (IMAN);SMBK;;2;PCS;26.000;
8999999574376;CLOSEUP GREEN 75 GR;HOME CARE;;2;PCS;18.000;
8719200171411;BLUE BAND 1KG;SMBK;;2;PCS;200.000;
8885013130645;AICE MOCHI COK;ICE CREAM;;1;PCS;3.000;
8998866608602;GIV WHITE SAKURA 72GR;KSMTK;;1;PCS;3.500;
8993004787393;MR POTATO CRIPS RASA KEJU MADU 85G;MKN;;1;PCS;16.500;
8992003783375;ANTANGIN PERMEN 100G;MKN;;1;PAK;7.000;
749921030085;HILO TEEN 200ML RASA COFFEE;MNM;;1;PCS;9.000;
0145;SR 100;PULSA;;1;PCS;103.000;
189686648017;PROMINA BABY BOX CRUNCHIES SEAWEED 20 GR;MKN;;1;PCS;11.000;
6971840350492;BSY NONI BLACK HAIR MAGIC 20ML;KSMTK;;1;PCS;7.500;
8998685057308;FROZZ BLUEBERRY MINT;MKN;;1;PCS;8.000;
0121001;STIK BAWANG / BAL;MKN;;1;PCS;210.000;
8993379121204;MEDICARE FRESH 90G;HOME CARE;;1;PCS;3.500;
8994907003481;ABC SARDEN CABAI 300 GR;MKN;;1;PCS;20.000;
8992760221028;OREO ORIGINAL 137G;MKN;;1;PCS;9.000;
8993175560283;NABATI AHH KEJU 30 GR;MKN;;1;PCS;7.000;
8991102213189;BLASTER CHOCO 125 GR;MKN;;1;PCS;8.000;
8992775001691;GARUDA KACANG ROSTA WAGYU 100G;MKN;;1;PCS;10.000;
8998866105064;CIPTADENT 120GR;HOME CARE;;1;PCS;7.500;
8993175558228;NEXTAR STAR STRAW 90 GR;MKN;;1;PAK;8.000;
8992802064019;ZEE SWIZZ COKLAT 40G;MNM;;1;PCS;4.000;
0143;SR 50K;PULSA;;1;PCS;56.000;
0221110;I 30;PULSA;;1;PCS;33.000;
8997232970947;LEMONILO CASSAMO SPICY BBQ;MKN;;1;PCS;7.500;
8990800020341;BIG BABOL FILIFOLLY GUM;MKN;;1;PCS;5.000;
8995227502074;CAP KAKI TIGA RASA JERUK NIPIS 320ML;MNM;;1;PCS;7.000;
7622210557858;KRAFT ALL IN CHEDAR 165G;MKN;;1;PCS;18.000;
8999777007355;NIVEA RO FRESH ACTIVE 50 ML;HOME CARE;;1;PCS;23.000;
8851019230412;PRETZ PIZZA STICK 31GR;MKN;;1;PCS;7.500;
8993175532464;NABATI CHEESE WAFER;MKN;;1;PCS;5.500;
8992775005422;DILAN CHOCO SANDWICH 80 GR;MKN;;1;PCS;7.000;
8995108509499;KUACI REBO GREEN TEA 150G;MKN;;1;PCS;15.500;
8992775004593;GARUDA PILUS RENDANG SAPI;MKN;;1;PCS;6.000;
9556183960965;CAPTAIN OAT INSTANT MEAL 200 GR;MKN;;1;PCS;13.000;
089686827781;FRUTAMIN COCOBIT SPLASH COCO 350ML;MNM;;1;PCS;8.000;
8998866803649;SO KLIN LIQUID VIOLET 750ML;HOME CARE;;1;PCS;24.000;
8993189270840;MAMY POKO PANTS XL 7;BABY;;1;PAK;19.500;
8992856899353;ROMANO SHAMPO ANTI-DNDRFF SC;HOME CARE;;1;PCS;6.500;
8997021870137;FRESH CARE FRUITY 10ML;P3K;;1;PCS;16.000;
8994021123782;ETHOZ GOLD AGAR RED 8G;MKN;;1;PCS;4.500;
8888443112700;SAGIKO PINEAPPLE 250ML;MNM;;1;PCS;10.000;
8992112011031;ENERVON C BTL 30;HOME CARE;;1;PCS;42.000;
8992003783429;OB HERBAL 100 ML;P3K;;1;PCS;24.000;
8993004788857;MR POTATO RENDANG 35 GR;MKN;;1;PCS;8.500;
7622210681614;CADBURY DAIRY MILK CASHEW NUT 30G;MKN;;1;PCS;9.000;
8993090110013;TEH UPET 125G;SMBK;;1;PCS;16.500;
011011;SENDAL SWALLOW BR;HOME CARE;;1;PCS;17.000;
749921011596;NUTRISARI ORANGE UHT 200ML;MNM;;1;PCS;8.000;
8998685183304;FROZZ BLACKBERRY MINT;MKN;;1;PCS;8.000;
8993560155780;DETTOL BTG FRESH 60G;HOME CARE;;1;PCS;4.500;
8997878003146;SUPER ZUPER SOUR CANDY;MKN;;1;PCS;9.000;
0123;T 100;PULSA;;1;PCS;103.000;
8993007002967;SUSU KALENG TIGA SAPI 490 G;MNM;;1;PCS;17.000;
8998866107068;MAMA LEMON JERUK NIPIS 230ML;HOME CARE;;1;PCS;4.000;
8993004788703;MR POTATO SEAWED 85GR;MKN;;1;PCS;16.500;
8993539146009;MINRAL 600ML;MNM;;1;PCS;3.000;
8992702000018;INDOMILK SKM PUTIH 370G;SMBK;;1;PCS;15.000;
8851019005850;POCKY SUMMER PARADISE 29G;MKN;;1;PCS;8.500;
8993175537285;NABATI CHEESE WAFER 127GR;MKN;;1;PCS;9.000;
7622300136055;OREO STRAWBERRY CREME 133G;MKN;;1;PCS;9.000;
8717141010714;INDI BLUB LED 7W;HOME CARE;;1;PCS;23.000;
8998685021002;NANO-NANO ORANGE;MKN;;1;PCS;2.500;
8999999026257;BANGO KECAP MANIS PDS 210 ML;SMBK;;1;PCS;15.000;
089686640007;PROMINA PUFFS PISANG 15G;BABY;;1;PCS;7.000;
8993175538862;SIIP RICHOCO 50GR;MKN;;1;PCS;5.000;
8998866626842;MIE SEDAAP KUAH AYAM JERIT 77GR;MKN;;1;PCS;3.500;
8992936214014;TONG TJI TEH WANGI;SMBK;;1;PCS;3.500;
8719200270725;CROMA BLUEBAND 210 GR;MKN;;1;PCS;7.000;
8992003785874;OB HERBAL ZIPLONG / PAK;MKN;;1;PCS;7.000;
8886015201111;GOOD TIME CLASSIC 72G;MKN;;1;PCS;8.500;
0231;BERAS SETRA RAMOS CIANJUR 25KG;SMBK;;1;PCS;430.000;
8999999515577;LIFEBYOY REF MERAH 825 ML;HOME CARE;;1;PCS;42.000;
8993004786853;MR POTATO CRIPS RASA SAPI PANGGANG 85G;MKN;;1;PCS;16.500;
8991188943024;SASA MECIN 100 GR;SMBK;;1;PCS;6.500;
8993560024987;DETTOL ORIGINAL 100G;HOME CARE;;1;PCS;9.000;
8998685189306;FROZZ LEMON MINT;KSMTK;;1;PCS;8.000;
8993176110098;MKP LANG 15ML;HOME CARE;;1;PCS;7.000;
8998866606769;BOOM DETERGEN NIPIS 280 GR;HOME CARE;;1;PCS;5.000;
8993175548694;NABATI WAFER VITAKRIM 50G;MKN;;1;PCS;3.000;
8995108509574;KUACI REBO GREEN TEA 70G;MKN;;1;PCS;9.000;
0164;I 10K;PULSA;;1;PCS;13.000;
8998685023006;NANO-NANO BELIMBING;MKN;;1;PCS;2.500;
8888443112731;SAGIKO MIXED FRUIT 250ML;MNM;;1;PCS;10.000;
8999999033217;LIFEBUOY SHP A-D 170ML;HOME CARE;;1;PCS;26.000;
8998866201841;GOLDA COFFE DOLCE LATTE 200ML;MNM;;1;PCS;3.500;
8992742360844;POLYTEX STAINLESS 12,5G;HOME CARE;;1;PCS;3.500;
711844110083;ABC KECAP 275ML;SMBK;;1;PCS;22.000;
079;TELOR GABUS KEJU / BAL;MKN;;1;PCS;250.000;
0163;I 10;PULSA;;1;PCS;12.500;
03884;GULA SEMUT AREN 500 GR;SMBK;;1;PCS;18.000;
089686640038;PROMINA PUFFS APEL 15G;BABY;;1;PCS;7.000;
8999168211422;JUARA FILTER 12;ROKOK;;1;PCS;25.000;
8993175558242;NEXTAR STAR COK 90 GR;MKN;;1;PCS;8.000;
711844330016;ABC SARDEN TOMAT 425G;MKN;;1;PCS;30.000;
8992775110157;GARUDA KACANG GARING 75G;MKN;;1;PCS;5.000;
8992775002964;DILAN CHOCO CRUNCHY POUCH 95G;MKN;;1;PCS;12.000;
8992003785584;TEJAHE BANDREK 100G / BAG;MKN;;1;PAK;6.500;
8997878700113;KATA OMA TELUR GABUS RASA GULA AREN 68G;MKN;;1;PCS;13.500;
8997225400178;MINYAK ROSINA 2 LT;SMBK;;1;PCS;40.000;
749921011633;NUTRISARI ISOTONIK SC;MNM;;1;PCS;1.500;
8992716108878;BISKUAT ORIGINAL 50.4GR;MKN;;1;PCS;3.500;
000888111;BODREX;P3K;;1;PCS;5.000;
00111122222;GABUS KEJU / 1 KG;MKN;;1;PCS;60.000;
8993292118749;S.G PREMIER TRAVEL PACK;HOME CARE;;1;PCS;12.000;
8992716109172;BISKUAT BOLU COKLAT 16G;MKN;;1;PCS;2.500;
8888443112717;SAGIKO ORANGE 250ML;MNM;;1;PCS;10.000;
0158;I 100K;PULSA;;1;PCS;108.000;
8992760223015;OREO SANDWICH CHOCOLATE 135G;MKN;;1;PCS;9.000;
8996196000905;PIATTOS BBQ REJUVENATE 75GR;MKN;;1;PCS;10.000;
8995227500308;CAP KAKI TIGA ORANGE 320ML;MNM;;1;PCS;7.000;
8996196004705;PIATTOS RASA SAMBAL GEPREK 78G;MKN;;1;PCS;10.000;
089686401745;INDOFOOD SAUS TOMAT 275ML;MKN;;1;PCS;10.000;
8998866201827;JAVANA TEH GULA BATU 350ML;MNM;;1;PCS;3.500;
8998866611718;EKONOMI CUCI PIRING 650 ML;HOME CARE;;1;PCS;15.000;
8998866611152;EKONOMI LAVENDER 380GR;HOME CARE;;1;PCS;6.000;
0161;I 25;PULSA;;1;PCS;27.000;
0169;SNACK SUCI FOODS BATAGOR KERING;MKN;;1;PCS;18.000;
8995154802087;SAOES KARTIKA CHESSE 50G;MKN;;1;PCS;12.500;
23232323;KACANG TUBAN AAA BR;MKN;;1;PCS;32.000;
8998866610087;TEH JAVANA ORIGINAL 350ML;MNM;;1;PCS;3.500;
8993207191584;CHAMP CHIKEN NUGGET KOIN 200 GR;MKN;;1;PCS;17.000;
4902430102247;HEAD & SHOULDERS COOL MENTHOL 170ML;HOME CARE;;1;PCS;37.000;
8993379261856;LERVIA POUCH MILK 400ML;HOME CARE;;1;PCS;26.000;
8992957246544;ALPINE PENUT MILK CHOCOLATE 60G;MKN;;1;PCS;12.000;
8992802099028;SLIM&FIT COOKIES 22GR;MKN;;1;PCS;5.000;
8998866612890;GIV HIJAB 76G;HOME CARE;;1;PCS;3.500;
6928820029572;GARNIER MICELLAR WATER 125ML;KSMTK;;1;PCS;38.000;
4902430563864;PANTENE SHAMPO A/D SC;HOME CARE;;1;PCS;5.500;
711844120082;ABC SAMBAL EXTRA PEDAS 135ML;SMBK;;1;PCS;9.000;
0155;B 5;PULSA;;1;PCS;7.500;
8994420100025;ASAHI SARDEN SAUS PEDAS 425G;MKN;;1;PCS;23.000;
0110;PLN 50K;PULSA;;1;PCS;54.000;
0124;T 100K;PULSA;;1;PCS;109.000;
8999999027056;LIFEBOUY SHP A/D SC/6;HOME CARE;;1;PCS;3.000;
7622201430122;OREO ICE CREAM 38GR;MKN;;1;PCS;2.500;
711844162426;ABC SARI ASAM JAWA 250ML;MNM;;1;PCS;6.000;
0152;B 25K;PULSA;;1;PCS;29.000;
0119;S 10;PULSA;;1;PCS;12.500;
8999918999426;BOGABIS GABIN ARMY BUTTER 125G;MKN;;1;PCS;6.500;
9556439890770;LEXUS CHEESE SANDWICH 76 GR;MKN;;1;PCS;13.000;
089686060003;POP MIE AYAM BAWANG;MKN;;1;PCS;5.500;
8992003782453;OB HERBAL 60ML;P3K;;1;PCS;17.000;
8993200661336;CIMORY YOGURT MANGO 250ML;MNM;;1;PCS;9.000;
0113;S 50;PULSA;;1;PCS;53.000;
896867700326;CLUB 600ML;MNM;;1;PCS;3.000;
8990800022574;MENTOS RAINBOW;MKN;;1;PCS;3.500;
711844160033;ABC LYCHEE JUICE 250ML;MNM;;1;PCS;8.500;
8993560025007;DETTOL COOL 100G;HOME CARE;;1;PCS;9.000;
8993292118916;S.G PREMIER FAMILY PACK;HOME CARE;;1;PCS;10.000;
8992957246247;ALPINE FULL MILK 60G;MKN;;1;PCS;12.000;
8995108509550;KUACI REBO ORIGINAL 70G;MKN;;1;PCS;9.000;
8992775002933;GERY SALUT ABON 105 GR;MKN;;1;PCS;7.000;
8997221811121;INKO GIM SNACK PEDAS 6G;MKN;;1;PCS;7.500;
8992727007382;BIORE GUARD BF ANTIBACT 400ML;HOME CARE;;1;PCS;25.000;
8998685024003;NANO-NANO RUJAK NANAS;MKN;;1;PCS;2.500;
8992718853868;NISSIN GEKIKARA RAMEN PAS CARBONARA;MKN;;1;PCS;4.500;
8999999006006;RINSO ANTI NODA CLASSIC 510+190 ML;HOME CARE;;1;PCS;27.000;
8995154802032;BAGELEN CHESSE 78G;MKN;;1;PCS;24.000;
8998866679664;SO KLIN LANTAI CITRUS LEMON 780ML;HOME CARE;;1;PCS;13.000;
8998685179017;NANO-NANO MILKY STROBERI;MKN;;1;PCS;3.000;
8993018702801;KATOM IKAN DORANG 225G;MKN;;1;PCS;13.000;
011122110011;SR 60K;PULSA;;1;PCS;65.000;
9557062331128;MR POTATO CRIPS RASA ORIGINAL 85G;MKN;;1;PCS;16.500;
089686827729;FRUTAMIN COCOBIT GUAVA 350ML;MNM;;1;PCS;8.000;
711844330153;ABC SARDEN EXTRA PEDAS 425G;MKN;;1;PCS;30.000;
9556183960958;CAPTAIN OAT QUICK COOK MEAL 200 GR;MKN;;1;PCS;13.000;
01112211;PAKET ATK;SOUVENIR;;1;PCS;265.000;
8850389108048;MOGU-MOGU MANGO 320ML;MNM;;1;PCS;12.000;
8998866202343;MIE SEDAAP KOREAN SPICY CHICKEN;SMBK;;1;PCS;3.500;
011100;I 60K;PULSA;;1;PCS;66.000;
8993379261870;LERVIA POUCH AVOCADO 400ML;HOME CARE;;1;PCS;25.500;
8996196004651;PIATTOS RASA SAMBAL MATAH 78G;MKN;;1;PCS;10.000;
8997021870090;FRESH CARE LAVENDER 10ML;P3K;;1;PCS;16.000;
8997878700120;KATA OMA TELUR GABUS RASA KEJU 68G;MKN;;1;PCS;13.500;
0165;I 5;PULSA;;1;PCS;7.000;
8996001304044;SLAI O'LAI BLUEBERRY 128G;MKN;;1;PCS;6.000;
8999988888811;LARUTAN CAP BADAK ORANGE 320ML;MNM;;1;PCS;7.500;
8998685052303;FROZZ BARLEY MINT;MKN;;1;PCS;8.000;
8999999500399;LUX CAMELLIA WHITE 80G;HOME CARE;;1;PCS;4.500;
9556439890961;LEXUS CHOCOLATE SANDWICH 76 GR;MKN;;1;PCS;13.000;
711844120013;ABC SAMBAL ASLI 335ML;SMBK;;1;PCS;20.000;
8993176110074;MKP LANG 60ML;HOME CARE;;1;PCS;23.000;
8995154802025;BAGELEN BUTTER 72G;MKN;;1;PCS;24.000;
8993172000560;MAKURA COK 80G;MKN;;1;PCS;12.000;
8997014450711;PROCHIZ QUICK MELT 160G;MKN;;1;PCS;26.000;
0101215;JAS HUJAN STELAN 46;HOME CARE;;1;PCS;15.000;
4987072061817;KOOLFEVER ANAK SC;P3K;;1;PCS;7.500;
711844160019;ABC ORANGE JUICE 250ML;MNM;;1;PCS;8.500;
95506296;STREPSILS ORIGINAL;MKN;;1;PCS;22.000;
8992775002155;CHOCOLATOS DRINK COKELAT 200ML;MNM;;1;PCS;5.500;
8992696404441;BEAR BRAND 189ML;MNM;;1;PCS;12.000;
8997215750085;WIN CHEESE GOLD 170GR;MKN;;1;PCS;15.000;
8999999593865;SUNSILK ANTI-DANDRF BTL 70ML;KSMTK;;1;PCS;16.000;
8999999707774;PEPSODENT ACTION123 WHITENING 75G;HOME CARE;;1;PCS;11.500;
8993560027247;DETTOL HAND SANITAZER 50ML;HOME CARE;;1;PCS;16.000;
060;SNACK MAKARONI / BAL;MKN;;1;PCS;185.000;
01234;PLN 20;PULSA;;1;PCS;23.000;
8992805010136;SIWAK-F 120G;HOME CARE;;1;PCS;14.000;
8998866610223;DAIA VIOLET 850G;HOME CARE;;1;PCS;20.000;
8992716109561;BISKUAT COKLAT 140G;MKN;;1;PCS;9.000;
7622201402686;OREO CHOCO VANILA WAFER 140G;MKN;;1;PCS;9.000;
0313;HANNY LILIN;HOME CARE;;1;PCS;2.500;
8993379285272;MEDICARE HANDWASH BLUE 400ML;HOME CARE;;1;PCS;13.000;
0134;T 5K;PULSA;;1;PCS;7.500;
8997218380128;ICHITAN THAI MILK COFEE 310 ML;MNM;;1;PCS;9.000;
8992753631209;FF OMELA SKMP 370G;MKN;;1;PCS;13.500;
0162;I 25K;PULSA;;1;PCS;29.000;
089686590005;CHIKI BALLS RASA AYAM 55G;MKN;;1;PCS;6.000;
8992003784532;TEJAHE ORIGINAL 100G / BAG;MKN;;1;PAK;6.500;
9556156052925;YEOS GRASS JELLY WINTER MELON 300ML;MNM;;1;PCS;7.000;
8993189271854;MAMY POKO S 22;BABY;;1;PAK;37.000;
8999999004224;CITRA BW LST WHITE REFF 220ML;HOME CARE;;1;PCS;15.000;
0131;T 10;PULSA;;1;PCS;12.500;
8992907996307;SARI ROTI MILKY SOFT JUMBO;MKN;;1;PAK;17.000;
8992805010174;SIWAK-F HERBAL 120G;HOME CARE;;1;PCS;15.000;
711844330115;ABC SARDEN CABAI 425G;MKN;;1;PCS;30.000;
8994907002309;ABC SAMBAL EXTREME PEDAS 135 ML;MKN;;1;PCS;10.000;
8998866623803;SO KLIN LANTAI CITRUS 700 ML;HOME CARE;;1;PCS;13.000;
8992745999980;HIT MAT GREEN TEA;HOME CARE;;1;PCS;6.500;
711844330009;ABC SARDEN TOMAT 155G;SMBK;;1;PCS;13.000;
011000111;KRIPIK OPUK GULAY / BAL;MKN;;1;PCS;180.000;
8992761145033;FANTA STRAW 250ML;MNM;;1;PCS;3.500;
8993560025496;DETTOL BTG ORI 60G;HOME CARE;;1;PCS;4.500;
749921030405;HILO SCHOOL CKLT 200ML;MNM;;1;PCS;9.000;
8993175542241;NABATI PINKLAVA 50GR;MKN;;1;PCS;3.000;
069;KRIPIK PISANG ASIN/BAL;MKN;;1;PCS;200.000;
8999999514617;BANGO MANIS 400ML;SMBK;;1;PCS;23.000;
8993560025083;DETTOL SKINCARE 100G;HOME CARE;;1;PCS;9.000;
8992942120316;PIA 100 KACANG HIJAU 75G;MKN;;1;PCS;7.000;
711844130012;ABC SAMBAL TOMAT 335ML;SMBK;;1;PCS;21.000;
8991102161176;TANGO MILKY COK 130 GR;MKN;;1;PCS;8.500;
8992716108816;BISKUAT ORIGINAL 140G;MKN;;1;PCS;8.000;
8997215750153;WINCHEESZ PREMIUM 160GR;MKN;;1;PCS;19.000;
0105;PLN 100;PULSA;;1;PCS;103.000;